Rating,Final Price,Discount,Number of Reviews,Material,Color,Style,Type,Brand
5,7,0,(1000+ Reviews),Fabric ,Lilac Purple ,Boho ,Cami ,SHEIN ICON
5,12.8,20,(1000+ Reviews),Fabric ,Black ,Sexy ,Bodycon ,SHEIN Belle
5,16.8,20,(1000+ Reviews),Fabric ,Black ,Elegant ,Shirt ,SHEIN BAE
5,14.45,15,(1000+ Reviews),Knitted Fabric ,Blue ,Sexy ,Bodycon ,SHEIN privé
5,8.8,20,(1000+ Reviews),Woven Fabric ,Khaki ,Casual ,Tunic ,SHEIN Frenchy
5,18,0,(1000+ Reviews),Mesh Fabric ,Apricot ,Elegant ,Bodycon ,SHEIN privé
4.97,11.05,15,(1000+ Reviews),Knitted Fabric ,Black ,Casual ,Bodycon ,SHEIN EZwear
4.99,20.4,15,(500+ Reviews),Fabric ,Black ,Elegant ,A Line ,SHEIN Frenchy
5,6.4,20,(1000+ Reviews),Knitted Fabric ,Coffee Brown ,Sexy ,Bodycon ,SHEIN PETITE
5,9,0,(1000+ Reviews),Fabric ,Multicolor ,Boho ,Tank ,SHEIN Unity
5,10.25,27,(1000+ Reviews),Fabric ,Brown ,Casual ,Bodycon ,SHEIN Essnce
5,14,0,(1000+ Reviews),Fabric ,Black ,Casual ,Bodycon ,SHEIN Essnce
4.94,8.8,20,(1000+ Reviews),Woven Fabric ,Green ,Cute ,Smock ,SHEIN LUNE
5,13,0,(1000+ Reviews),Knitted Fabric ,Chocolate Brown ,Casual ,Tank ,SHEIN EZwear
5,20,20,(1000+ Reviews),Knitted Fabric ,Royal Blue ,Elegant ,A Line ,SHEIN privé
5,9.25,16,(500+ Reviews),Fabric ,Hot Pink ,Casual ,Cami ,SHEIN Slayr
4.98,13.6,15,(100+ Reviews),Knitted Fabric ,Multicolor ,Elegant ,Bodycon ,SHEIN privé
4.98,13.6,15,(100+ Reviews),Knitted Fabric ,Black ,Casual ,Tee ,SHEIN LUNE
4.97,8,20,(500+ Reviews),Rib knit ,Black ,Elegant ,Bodycon ,SHEIN BAE
4.95,23,0,(500+ Reviews),Knitted Fabric ,White ,Casual ,Cami ,SHEIN MOD
5,11,0,(1000+ Reviews),Knitted Fabric ,Dark Green ,Elegant ,Bodycon ,SHEIN privé
4.97,8,0,(1000+ Reviews),Knitted Fabric ,Dusty Blue ,Boho ,Cami ,SHEIN EZwear
5,17,0,(1000+ Reviews),Knitted Fabric ,Royal Blue ,Party ,Cami ,SHEIN Belle
5,4.8,20,(1000+ Reviews),Fabric ,Black and White ,Casual ,Cami ,SHEIN Essnce
5,20,0,(1000+ Reviews),Fabric ,Purple ,Boho ,A Line ,SHEIN VCAY
4.96,9.25,16,(1000+ Reviews),Fabric ,Army Green ,Casual ,Tee ,SHEIN LUNE
5,7.5,17,(1000+ Reviews),Knitted Fabric ,Black and White ,Casual ,Bodycon ,SHEIN EZwear
5,8,20,(1000+ Reviews),Fabric ,Multicolor ,Sexy ,Bodycon ,SHEIN privé
4.99,13.25,17,(100+ Reviews),Knitted Fabric ,Multicolor ,Elegant ,Bodycon ,SHEIN privé
5,11.2,20,(1000+ Reviews),Fabric ,Hot Pink ,Elegant ,Cami ,SHEIN BAE
5,7,0,(1000+ Reviews),Fabric ,Coffee Brown ,Sexy ,Bodycon ,SHEIN privé
4.95,12,20,(1000+ Reviews),Satin ,Black ,Sexy ,Cami ,SHEIN PETITE
4.95,32,20,(1000+ Reviews),Fabric ,Multicolor ,Boho ,A Line ,SHEIN Belle
4.98,6,0,(1000+ Reviews),Fabric ,Black and White ,Casual ,Cami ,SHEIN EZwear
4.94,18,10,(1000+ Reviews),Fabric ,Black ,Casual ,Shirt ,OYYN
5,9,0,(1000+ Reviews),Fabric ,Red Violet ,Casual ,Tunic ,SHEIN Clasi
4.95,20.4,15,(100+ Reviews),Knitted Fabric ,Multicolor ,Elegant ,Bodycon- Fitted ,SHEIN MOD
4.92,6.75,16,(1000+ Reviews),Fabric ,Multicolor ,Boho ,Bodycon ,SHEIN WYWH
4.98,8,20,(500+ Reviews),Knitted Fabric ,Green ,Boho ,Cami ,SHEIN PETITE
5,16,0,(1000+ Reviews),Fabric ,Multicolor ,Elegant ,Fitted ,SHEIN Modely
4.95,21,0,(1000+ Reviews),Fabric ,Green ,Casual ,A Line ,Sawesy
4.89,7.2,20,(1000+ Reviews),Woven Fabric ,Multicolor ,Casual ,Cami ,SHEIN LUNE
4.96,8,20,(1000+ Reviews),Woven Fabric ,Black ,Casual ,Tunic ,SHEIN privé
4.98,18.7,15,(500+ Reviews),Knitted Fabric ,Hot Pink ,Casual ,Cami ,SHEIN privé
4.96,19,0,(100+ Reviews),Knitted Fabric ,Red ,Casual ,Fitted ,SHEIN MOD
5,12,0,(1000+ Reviews),Fabric ,Dark Green ,Elegant ,Fitted ,SHEIN Clasi
5,21,0,(1000+ Reviews),Fabric ,Burgundy ,Elegant ,Bodycon ,SHEIN Modely
5,18.7,15,(1000+ Reviews),Fabric ,Cadet Blue ,Boho ,A Line ,SHEIN VCAY
4.98,8,0,(1000+ Reviews),Fabric ,Multicolor ,Elegant ,Cami ,SHEIN Clasi
4.97,14,0,(100+ Reviews),Knitted Fabric ,Blue ,Casual ,Tank ,SHEIN Frenchy
4.99,40,0,(100+ Reviews),Sequins ,Dark Green ,Elegant ,Bodycon ,Joyfunear
4.95,16,20,(1000+ Reviews),Knitted Fabric ,Black ,Sexy ,Fitted ,SHEIN BAE
4.96,12.75,15,(1000+ Reviews),Knitted Fabric ,Black ,Sexy ,Cami ,SHEIN Unity
4.97,12,20,(1000+ Reviews),Fabric ,White ,Elegant ,Bodycon ,SHEIN privé
4.95,21,0,(1000+ Reviews),Fabric ,Army Green ,Casual ,Tee ,SHEIN MOOSTA
4.98,15,0,(100+ Reviews),Polyester ,Black ,Boho- Elegant ,Cami ,SHEIN privé
4.96,13,0,(1000+ Reviews),Knitted Fabric ,Dusty Pink ,Sexy ,Cami ,SHEIN MOD
4.94,12.8,20,(500+ Reviews),Woven Fabric ,Multicolor ,Casual ,Cami ,SHEIN VCAY
5,6.8,15,(1000+ Reviews),Fabric ,Black ,Party ,Bodycon ,SHEIN privé
4.93,22,0,(1000+ Reviews),Fabric ,Navy Blue ,Boho ,A Line ,SHEIN VCAY
5,15.3,15,(1000+ Reviews),Fabric ,Lilac Purple ,Boho ,A Line ,SHEIN VCAY
4.97,17.6,20,(1000+ Reviews),Woven Fabric ,Burgundy ,Boho ,Cami ,SHEIN VCAY
4.95,20,20,(1000+ Reviews),Woven Fabric ,Royal Blue ,Casual ,A Line ,SHEIN VCAY
5,15.3,15,(1000+ Reviews),Fabric ,Lime Green ,Elegant ,Bodycon ,SHEIN privé
5,14,18,(1000+ Reviews),Fabric ,Baby Pink ,Casual ,Bodycon ,SHEIN Mulvari
5,7,0,(1000+ Reviews),Fabric ,Grey ,Casual ,Cami ,SHEIN EZwear
4.97,18.4,20,(500+ Reviews),Knitted Fabric ,Black ,Sexy ,Bodycon ,SHEIN BAE
5,21,0,(1000+ Reviews),Fabric ,Burgundy ,Boho ,A Line ,SHEIN Frenchy
4.93,17.1,10,(100+ Reviews),Knitted Fabric ,White ,Elegant ,Tank ,SHEIN BAE
4.95,13,0,(100+ Reviews),Fabric ,Green ,Sexy ,Cami ,VIBECORE
4.97,10,0,(1000+ Reviews),Knitted Fabric ,Army Green ,Casual ,Bodycon ,SHEIN EZwear
4.98,14,18,(100+ Reviews),Knitted Fabric ,Green ,Sexy ,Bodycon ,SHEIN privé
4.97,19.55,15,(500+ Reviews),Woven Fabric ,Royal Blue ,Casual ,A Line ,SHEIN privé
4.95,13.6,15,(100+ Reviews),Knitted Fabric ,Brown ,Elegant ,Bodycon ,SHEIN BAE
4.96,13.6,20,(500+ Reviews),Knitted Fabric ,Black ,Sexy ,Bodycon ,SHEIN PETITE
4.95,5.1,15,(1000+ Reviews),Fabric ,Multicolor ,Sexy ,Cami ,SHEIN EZwear
5,14.4,20,(1000+ Reviews),Fabric ,Burgundy ,Sexy ,Bodycon ,SHEIN privé
5,19,0,(1000+ Reviews),Woven Fabric ,Orange ,Elegant ,A Line ,SHEIN privé
4.98,11.9,15,(100+ Reviews),Knitted Fabric ,Multicolor ,Sexy ,Bodycon ,SHEIN MOD
5,8,0,(1000+ Reviews),Knitted Fabric ,Violet Purple ,Casual ,Tank ,SHEIN Essnce
5,19,0,(1000+ Reviews),Fabric ,Multicolor ,Elegant ,A Line ,SHEIN Mulvari
5,11.9,15,(84 Reviews),Polyester ,Multicolor ,Elegant ,Bodycon ,SHEIN Aloruh
5,15,0,(1000+ Reviews),Knitted Fabric ,Mustard Yellow ,Casual ,Fit and Flare ,SHEIN privé
4.98,12,20,(100+ Reviews),Fabric ,Multicolor ,Sexy ,Bodycon- Fitted ,SHEIN Aloruh
4.97,15,0,(1000+ Reviews),Knitted Fabric ,Khaki ,Elegant ,Bodycon ,SHEIN BAE
5,12,0,(1000+ Reviews),Fabric ,Dark Grey ,Casual ,Bodycon ,SHEIN PETITE
4.97,19,0,(100+ Reviews),Fabric ,Navy Blue ,Casual ,Bodycon ,SHEIN EZwear
4.96,14,0,(1000+ Reviews),Knitted Fabric ,Light Grey ,Elegant ,Bodycon ,SHEIN PETITE
5,13,0,(1000+ Reviews),Fabric ,Khaki ,Sexy ,Fitted ,SHEIN WYWH
4.95,19,0,(100+ Reviews),Fabric ,Black ,Party ,Cami ,SHEIN ICON
4.92,31,0,(1000+ Reviews),Fabric ,Purple ,Casual ,Tunic ,SHEIN Mulvari
5,12,0,(1000+ Reviews),Knitted Fabric ,Hot Pink ,Elegant ,Tank ,SHEIN Essnce
4.98,10,0,(86 Reviews),Flocking ,Black ,Sexy- Casual ,Cami ,SHEIN EZwear
4.97,26,0,(1000+ Reviews),Fabric ,Dark Green ,Elegant ,Bodycon ,Aliling
4.96,21.6,10,(1000+ Reviews),Fabric ,Mint Green ,Casual ,A Line ,YATHON
4.97,15.2,20,(100+ Reviews),Woven Fabric ,Multicolor ,Boho ,A Line ,SHEIN LUNE
4.98,18.7,15,(500+ Reviews),Fabric ,Multicolor ,Boho ,A Line ,SHEIN VCAY
5,5.25,25,(100+ Reviews),Knitted Fabric ,Black ,Sexy ,Tank ,SHEIN BAE
5,29,0,(60 Reviews),Fabric ,Green ,Elegant ,A Line ,SHEIN Modely
4.93,17,15,(1000+ Reviews),Knitted Fabric ,Beige ,Sexy ,Cami ,SHEIN VCAY
4.96,23,0,(1000+ Reviews),Fabric ,Dusty Pink ,Casual ,Shirt ,EMERY ROSE
5,6.75,16,(1000+ Reviews),Fabric ,Multicolor ,Boho ,Tank ,EMERY ROSE
4.97,19,0,(500+ Reviews),Woven Fabric ,White ,Casual ,A Line ,SHEIN MOD
4.95,12,0,(1000+ Reviews),Knitted Fabric ,Pink ,Boho ,Cami ,SHEIN privé
5,23,0,(1000+ Reviews),Fabric ,Blue and White ,Casual ,A Line ,SHEIN VCAY
4.91,19,0,(500+ Reviews),Fabric ,Green ,Casual ,Shirt ,SHEIN LUNE
5,17,15,(1000+ Reviews),Fabric ,Green ,Boho ,Cami ,SHEIN privé
4.95,13,0,(1000+ Reviews),Fabric ,Camel ,Sexy ,Cami ,SHEIN ICON
5,11.5,18,(1000+ Reviews),Fabric ,Black ,Casual ,Tank ,SHEIN EZwear
4.93,15,0,(1000+ Reviews),Fabric ,Black ,Casual ,Bodycon ,SHEIN Essnce
4.93,34,0,(1000+ Reviews),Fabric ,Baby Blue ,Party ,Fitted ,SHEIN Modely
4.94,27,0,(1000+ Reviews),Woven Fabric ,Black ,Elegant ,A Line ,SHEIN Frenchy
4.87,9.6,20,(1000+ Reviews),Woven Fabric ,White ,Boho ,Cami ,SHEIN WYWH
4.98,19,0,(100+ Reviews),Chiffon ,Purple ,Elegant ,Bodycon ,SHEIN Lady
4.93,40.8,20,(100+ Reviews),Knitted Fabric ,White ,Elegant ,A Line ,SHEIN X
4.99,20,0,(100+ Reviews),Woven Fabric ,Black ,Elegant ,Bodycon ,SHEIN Lady
4.97,9,0,(1000+ Reviews),Knitted Fabric ,Dark Green ,Casual ,Cami ,SHEIN VCAY
5,16.15,15,(1000+ Reviews),Fabric ,Blue ,Sexy ,Cami ,SHEIN privé
4.97,23,0,(100+ Reviews),Fabric ,Multicolor ,Elegant ,Bodycon ,SHEIN Slayr
5,15,0,(1000+ Reviews),Woven Fabric ,Black ,Elegant ,Cami ,SHEIN BAE
4.91,18,0,(1000+ Reviews),Fabric ,Black ,Casual ,A Line ,SHEIN Mulvari
5,13,0,(1000+ Reviews),Fabric ,Multicolor ,Boho ,Bodycon ,SHEIN VCAY
5,17.85,15,(1000+ Reviews),Fabric ,Green ,Casual ,A Line ,SHEIN Frenchy
5,22,0,(1000+ Reviews),Fabric ,White ,Elegant ,A Line ,Glamaker
4.94,16,0,(1000+ Reviews),Woven Fabric ,Multicolor ,Boho ,Fitted ,SHEIN VCAY
5,12,0,(1000+ Reviews),Knitted Fabric ,Chocolate Brown ,Sexy ,Cami ,SHEIN BAE
5,10,0,(1000+ Reviews),Fabric ,Navy Blue ,Casual ,Tee ,SHEIN LUNE
4.95,17,0,(500+ Reviews),Knitted Fabric ,Multicolor ,Casual ,Cami ,SHEIN MOD
4.9,18,0,(1000+ Reviews),Woven Fabric ,Navy Blue ,Boho ,Cami ,SHEIN LUNE
5,7.2,20,(1000+ Reviews),Fabric ,Olive Green ,Sexy ,Bodycon ,SHEIN privé
4.97,12.75,15,(1000+ Reviews),Fabric ,Red ,Party- Sexy ,Bodycon ,SHEIN BAE
4.92,21,0,(1000+ Reviews),Fabric ,Blue and White ,Casual ,A Line ,SHEIN VCAY
4.91,21,0,(1000+ Reviews),Fabric ,Mint Green ,Elegant ,Fitted ,SHEIN Mulvari
5,22.4,20,(1000+ Reviews),Fabric ,Brown ,Elegant ,Bodycon ,SHEIN Modely
4.92,7,0,(500+ Reviews),Woven Fabric ,Multicolor ,Boho ,Tunic ,EMERY ROSE
4.95,11,0,(83 Reviews),Knitted Fabric ,Multicolor ,Sexy ,Bodycon ,SHEIN ICON
5,11.05,15,(1000+ Reviews),Fabric ,Blue and White ,Casual ,Fitted ,SHEIN LONESS
5,22.4,20,(1000+ Reviews),Mesh Fabric ,Black ,Boho ,Cami ,SHEIN VCAY
5,28,0,(1000+ Reviews),Fabric ,Navy Blue ,Elegant ,Bodycon ,HOMEYEE
4.97,25,0,(500+ Reviews),Knitted Fabric ,Purple ,Party- Elegant ,Bodycon- Fitted ,SHEIN Lady
4.94,15,0,(1000+ Reviews),Fabric ,Royal Blue ,Casual ,Fitted ,SHEIN EZwear
4.94,26,0,(1000+ Reviews),Fabric ,Dark Green ,Casual ,A Line ,SHEIN Lady
5,8.8,20,(1000+ Reviews),Fabric ,Black ,Sexy ,Bodycon ,SHEIN Essnce
4.89,20,0,(100+ Reviews),Knitted Fabric ,White ,Casual ,Cami ,SHEIN MOD
4.96,17,0,(100+ Reviews),Fabric ,Pink ,Sexy ,Cami ,Aliling
4.94,13.6,20,(1000+ Reviews),Fabric ,Khaki ,Casual ,Cami ,SHEIN VCAY
5,10,17,(1000+ Reviews),Fabric ,Khaki ,Sexy ,Cami ,SHEIN Tall
4.97,9,0,(500+ Reviews),Knitted Fabric ,Multicolor ,Boho ,Cami ,SHEIN privé
4.97,17,0,(1000+ Reviews),Woven Fabric ,Pink ,Boho- Elegant ,Cami ,SHEIN MOD
4.91,7.2,20,(1000+ Reviews),Fabric ,Red ,Casual ,Cami ,SHEIN PETITE
5,14,0,(1000+ Reviews),Woven Fabric ,Yellow ,Boho ,Cami ,SHEIN WYWH
4.94,18,0,(1000+ Reviews),Fabric ,Multicolor ,Casual ,Shirt ,SHEIN LONESS
4.85,20,0,(1000+ Reviews),Fabric ,Multicolor ,Boho ,A Line ,SHEIN LONESS
4.98,7.65,15,(100+ Reviews),Knitted Fabric ,Multicolor ,Casual ,Bodycon ,SHEIN ICON
5,12,0,(1000+ Reviews),Fabric ,Coffee Brown ,Casual ,Tee ,SHEIN Coolane
4.94,10.4,20,(1000+ Reviews),Fabric ,Multicolor ,Casual ,Tee ,SHEIN LUNE
4.94,21,0,(1000+ Reviews),Woven Fabric ,Khaki ,Casual ,A Line ,SHEIN privé
5,17.85,15,(1000+ Reviews),Fabric ,Multicolor ,Casual ,Shirt ,SHEIN VCAY
4.98,8,0,(1000+ Reviews),Knitted Fabric ,Coral Pink ,Casual ,Cami ,SHEIN PETITE
5,12,0,(1000+ Reviews),Rib knit ,Baby Blue ,Casual ,Fitted ,SHEIN Frenchy
4.95,34.2,10,(1000+ Reviews),Fabric ,Baby Blue ,Party ,Cami ,PARTHEA
4.9,17.6,20,(500+ Reviews),Woven Fabric ,Khaki ,Boho ,A Line ,SHEIN VCAY
4.94,15.2,20,(1000+ Reviews),Woven Fabric ,Blue and White ,Boho ,A Line ,SHEIN privé
4.91,23,0,(1000+ Reviews),Fabric ,Blue and White ,Elegant ,Fitted ,SHEIN Frenchy
4.96,11,0,(1000+ Reviews),Knitted Fabric ,Pink ,Boho ,Bodycon ,SHEIN EZwear
4.95,11.5,18,(1000+ Reviews),Woven Fabric ,Multicolor ,Casual ,Fitted ,SHEIN Clasi
4.93,15,0,(100+ Reviews),Fabric ,White ,Sexy ,Tank ,New Star
4.98,8,0,(1000+ Reviews),Knitted Fabric ,Grey ,Casual ,Tank ,SHEIN EZwear
4.93,23,0,(500+ Reviews),Fabric ,Brown ,Boho ,Cami ,SHEIN LUNE
4.96,14,50,(1000+ Reviews),Woven Fabric ,Red ,Sexy ,Bodycon ,SHEIN BAE
4.95,42,0,(1000+ Reviews),Fabric ,White ,Party ,Fit and Flare ,Joyfunear
4.88,21.25,18,(100+ Reviews),Fabric ,Blue ,Casual ,Shirt ,SHEIN LUNE
4.88,12,0,(1000+ Reviews),Woven Fabric ,Hot Pink ,Casual ,A Line ,SHEIN EZwear
4.95,8.8,20,(1000+ Reviews),Knitted Fabric ,Black ,Casual ,Bodycon ,SHEIN Clasi
4.93,16,0,(500+ Reviews),Knitted Fabric ,Baby Pink ,Casual ,A Line ,SHEIN MOD
5,22,0,(1000+ Reviews),Fabric ,Green ,Elegant ,A Line ,SHEIN Najma
4.95,16.8,20,(100+ Reviews),Knitted Fabric ,Army Green ,Elegant ,Bodycon ,SHEIN BAE
5,16,20,(1000+ Reviews),Fabric ,Burgundy ,Elegant ,A Line ,SHEIN LONESS
5,12,0,(1000+ Reviews),Fabric ,Baby Pink ,Sexy ,Cami ,SHEIN Slayr
4.97,34.99,0,(100+ Reviews),Woven Fabric ,Teal Blue ,Elegant ,A Line ,MOTF
5,9,0,(1000+ Reviews),Knitted Fabric ,Multicolor ,Casual ,Tank ,SHEIN EZwear
5,8.5,15,(44 Reviews),Knitted Fabric ,Black ,Sexy ,Bodycon ,SHEIN EZwear
5,13.6,15,(1000+ Reviews),Knitted Fabric ,Mint Green ,Elegant ,Cami ,SHEIN MOD
5,22,0,(1000+ Reviews),Mesh Fabric ,Baby Blue ,Party ,Bodycon ,SHEIN MOD
5,22,0,(1000+ Reviews),Fabric ,Red ,Elegant ,A Line ,SHEIN privé
4.92,19,0,(1000+ Reviews),Fabric ,Burnt Orange ,Casual ,A Line ,SHEIN Mulvari
4.96,15,0,(500+ Reviews),Mesh Fabric ,Burgundy ,Sexy ,Cami ,SHEIN ICON
4.94,20,20,(1000+ Reviews),Satin ,Red ,Party ,Bodycon ,SHEIN Belle
4.94,14.45,15,(1000+ Reviews),Knitted Fabric ,Black ,Sexy ,Bodycon ,SHEIN privé
4.97,21.6,20,(100+ Reviews),Woven Fabric ,Multicolor ,Casual ,A Line ,SHEIN X
5,10,0,(1000+ Reviews),Fabric ,Burgundy ,Casual ,Bodycon ,SHEIN EZwear
4.92,11.25,25,(500+ Reviews),Knitted Fabric ,Coffee Brown ,Casual ,Bodycon ,SHEIN privé
4.98,8,0,(1000+ Reviews),Knitted Fabric ,Multicolor ,Casual ,Cami ,SHEIN EZwear
4.96,25,0,(100+ Reviews),Knitted Fabric ,Multicolor ,Casual ,A Line ,SHEIN Lady
4.92,8.5,15,(1000+ Reviews),Knitted Fabric ,Black ,Sexy ,Cami ,SHEIN privé
4.96,10,0,(1000+ Reviews),Knitted Fabric ,Blue ,Elegant ,Bodycon ,SHEIN privé
4.96,7.5,17,(1000+ Reviews),Knitted Fabric ,Hot Pink ,Sexy ,Bodycon ,SHEIN BAE
4.84,8,0,(1000+ Reviews),Woven Fabric ,Dark Green ,Casual ,Pinafore ,SHEIN Essnce
4.95,20,0,(100+ Reviews),Fabric ,Green ,Sexy ,Bodycon ,SHEIN Slayr
5,14,0,(53 Reviews),Knitted Fabric ,Multicolor ,Elegant ,Tank ,SHEIN Essnce
4.99,16,0,(100+ Reviews),Knitted Fabric ,Hot Pink ,Elegant ,Bodycon ,SHEIN Lady
4.92,15,0,(1000+ Reviews),Woven Fabric ,Blue ,Elegant ,Cami ,SHEIN BAE
4.96,39.99,0,(100+ Reviews),Linen ,Multicolor ,Boho ,A Line ,MOTF
5,23.4,10,(1000+ Reviews),Fabric ,Black ,Sexy ,Bodycon ,PARTHEA
5,8,0,(1000+ Reviews),Woven Fabric ,Orange ,Casual ,Tunic ,SHEIN Clasi
5,22,0,(49 Reviews),Knitted Fabric ,Apricot ,Elegant ,Fitted ,SHEIN privé
5,18,0,(53 Reviews),Knitted Fabric ,Mustard Yellow ,Elegant ,Bodycon- Fitted ,SHEIN Clasi
4.95,14,0,(77 Reviews),Knitted Fabric ,Black and White ,Casual ,Tank ,SHEIN EZwear
5,20.4,15,(1000+ Reviews),Fabric ,Green ,Sexy ,Cami ,SHEIN VCAY
4.86,10.75,17,(50 Reviews),Polyester ,Green ,Sexy ,Bodycon ,SHEIN privé
4.91,24,20,(100+ Reviews),Woven Fabric ,Dark Green ,Boho ,Smock ,SHEIN VCAY
4.93,25,0,(1000+ Reviews),Knitted Fabric ,Navy Blue ,Elegant ,Bodycon ,SHEIN Clasi
4.93,30,0,(1000+ Reviews),Fabric ,Multicolor ,Boho ,A Line ,Rusttydustty
4.95,18,0,(1000+ Reviews),Fabric ,Multicolor ,Boho ,A Line ,SHEIN VCAY
4.87,14.45,15,(500+ Reviews),Knitted Fabric ,Baby Blue ,Boho ,Bodycon ,SHEIN VCAY
4.92,17,0,(1000+ Reviews),Knitted Fabric ,Burgundy ,Elegant ,Fitted ,SHEIN MOD
4.95,34,0,(100+ Reviews),Mesh Fabric ,Gold ,Sexy ,Bodycon ,PORRCEY
4.98,12,0,(100+ Reviews),Knitted Fabric ,Grey ,Casual ,Bodycon ,SHEIN EZwear
4.99,24,0,(100+ Reviews),Knitted Fabric ,Black and White ,Casual ,Cami ,KPYTOMOA
4.93,7,0,(1000+ Reviews),Woven Fabric ,Multicolor ,Casual ,Cami ,SHEIN privé
4.93,17,0,(1000+ Reviews),Fabric ,Navy Blue ,Boho ,Fitted ,SHEIN LUNE
4.91,16.15,15,(1000+ Reviews),Woven Fabric ,Mint Green ,Casual ,A Line ,SHEIN LUNE
4.96,12,0,(1000+ Reviews),Fabric ,Burnt Orange ,Casual ,Tee ,SHEIN LUNE
4.9,16.8,20,(100+ Reviews),Woven Fabric ,White ,Cute ,Cami ,SHEIN Frenchy
5,20,0,(1000+ Reviews),Woven Fabric ,Blue ,Elegant ,A Line- Fit and Flare ,SHEIN MOD
5,24,0,(1000+ Reviews),Fabric ,Orange ,Boho ,A Line ,SHEIN VCAY
4.9,7.65,15,(1000+ Reviews),Knitted Fabric ,Black ,Casual ,Bodycon ,SHEIN LUNE
5,8,0,(1000+ Reviews),Fabric ,Black ,Casual ,Tunic ,SHEIN Essnce
4.91,19,0,(1000+ Reviews),Fabric ,White ,Casual ,A Line ,SHEIN MOD
4.97,13.6,20,(500+ Reviews),Knitted Fabric ,Black ,Sexy ,Cami ,SHEIN privé
4.92,30.6,15,(1000+ Reviews),Fabric ,Silver ,Party ,Cami ,SHEIN Belle
5,10.4,20,(1000+ Reviews),Fabric ,Red ,Casual ,Bodycon ,SHEIN LONESS
5,8,20,(1000+ Reviews),Fabric ,Multicolor ,Elegant ,Fitted ,SHEIN privé
5,21,0,(1000+ Reviews),Fabric ,Green ,Casual ,A Line ,SHEIN VCAY
4.94,15,0,(1000+ Reviews),Knitted Fabric ,Purple ,Elegant ,Fitted ,SHEIN Clasi
5,27,0,(1000+ Reviews),Mesh Fabric ,Pink ,Elegant ,A Line ,SHEIN Belle
4.93,15,0,(1000+ Reviews),Woven Fabric ,Black ,Boho ,A Line ,SHEIN Frenchy
4.94,6.8,15,(500+ Reviews),Woven Fabric ,Green ,Boho ,A Line ,SHEIN VCAY
4.84,16.8,20,(500+ Reviews),Knitted Fabric ,Multicolor ,Casual ,Cami ,SHEIN LUNE
4.95,29,0,(100+ Reviews),Knitted Fabric ,Baby Blue ,Elegant ,Bodycon ,SHEIN Aloruh
4.95,13.75,28,(1000+ Reviews),Knitted Fabric ,White ,Sexy ,Bodycon ,SHEIN privé
4.95,49,0,(1000+ Reviews),Lace ,Navy Blue ,Party ,A Line ,MIUSOL
5,24,0,(1000+ Reviews),Mesh Fabric ,Baby Blue ,Party ,Fit and Flare ,Simplee
4.94,19.2,20,(100+ Reviews),Fabric ,Grey ,Casual ,Bodycon ,SHEIN ICON
4.97,11,0,(1000+ Reviews),Woven Fabric ,Black ,Casual ,Cami ,SHEIN PETITE
4.97,25,0,(67 Reviews),Fabric ,White ,Party- Elegant ,Bodycon ,SHEIN Aloruh
4.87,17,0,(1000+ Reviews),Woven Fabric ,Apricot ,Cute ,Smock ,SHEIN LUNE
5,6,0,(1000+ Reviews),Fabric ,Multicolor ,Elegant ,Cami ,SHEIN Essnce
5,13,0,(37 Reviews),Polyester ,Brown ,Casual ,Tank ,SHEIN EZwear
4.89,22,0,(1000+ Reviews),Linen ,Apricot ,Casual ,Cami ,SHEIN EZwear
4.98,16,0,(1000+ Reviews),Fabric ,Hot Pink ,Casual ,A Line ,SHEIN VCAY
4.93,22,0,(1000+ Reviews),Fabric ,Navy Blue ,Elegant ,A Line ,SHEIN LONESS
5,12,0,(1000+ Reviews),Fabric ,Mint Green ,Boho ,Cami ,SHEIN WYWH
4.93,17,15,(1000+ Reviews),Fabric ,Pink ,Casual ,Shirt ,SHEIN VCAY
4.95,13,0,(1000+ Reviews),Fabric ,Multicolor ,Boho ,Cami ,SHEIN PETITE
4.96,14,0,(1000+ Reviews),Fabric ,Black ,Party ,Bodycon ,SHEIN BAE
4.93,13.6,15,(100+ Reviews),Fabric ,Hot Pink ,Casual ,A Line ,SHEIN LONESS
4.91,14.45,15,(100+ Reviews),Knitted Fabric ,Multicolor ,Casual ,A Line ,SHEIN ICON
4.92,21,0,(1000+ Reviews),Woven Fabric ,Blue ,Boho ,Cami ,SHEIN VCAY
4.98,18.75,25,(100+ Reviews),Fabric ,White ,Sexy ,Bodycon ,SHEIN Slayr
4.97,17.85,15,(100+ Reviews),Woven Fabric ,White ,Boho ,Cami ,SHEIN WYWH
4.96,11,0,(1000+ Reviews),Fabric ,Black ,Casual ,Bodycon ,SHEIN EZwear
5,16,0,(1000+ Reviews),Mesh Fabric ,Baby Blue ,Sexy ,Bodycon ,SHEIN ICON
4.92,19,0,(1000+ Reviews),Fabric ,Navy Blue ,Boho ,Tunic ,EMERY ROSE
4.96,18.4,20,(100+ Reviews),Knitted Fabric ,Brown ,Sexy ,Bodycon ,SHEIN Essnce
4.71,20,0,(100+ Reviews),Woven Fabric ,White ,Elegant ,Fit and Flare ,SHEIN MOD
5,10,0,(1000+ Reviews),Knitted Fabric ,Yellow ,Casual ,Bodycon ,SHEIN privé
4.87,18,0,(500+ Reviews),Woven Fabric ,Blue ,Casual ,Fitted ,SHEIN LONESS
5,16,0,(1000+ Reviews),Woven Fabric ,Coffee Brown ,Elegant ,Cami ,SHEIN MOD
4.93,25,0,(1000+ Reviews),Fabric ,Khaki ,Casual ,A Line ,SHEIN LONESS
4.93,19.2,20,(1000+ Reviews),Fabric ,Apricot ,Sexy ,Cami ,SHEIN VCAY
4.96,19,0,(1000+ Reviews),Knitted Fabric ,Black ,Sexy ,Cami ,SHEIN MOD
4.96,28.9,15,(1000+ Reviews),Fabric ,Multicolor ,Party ,Bodycon ,D&M
4.92,24,0,(500+ Reviews),Woven Fabric ,White ,Elegant ,A Line ,SHEINNeu
4.94,12,20,(1000+ Reviews),Knitted Fabric ,White ,Casual ,Cami ,SHEIN EZwear
4.95,28,0,(1000+ Reviews),Fabric ,Burnt Orange ,Boho ,Cami ,SHEIN Tall
4.93,14,0,(100+ Reviews),Knitted Fabric ,Beige ,Sexy ,Bodycon ,SHEIN ICON
5,18.4,20,(1000+ Reviews),Fabric ,Dark Green ,Elegant ,A Line ,SHEIN Belle
4.91,11.9,15,(1000+ Reviews),Fabric ,Black ,Sexy ,Cami ,SHEIN Clasi
4.88,24,0,(100+ Reviews),Satin ,Apricot ,Elegant ,Fitted ,SHEIN BAE
4.95,18,0,(100+ Reviews),Knitted Fabric ,Apricot ,Elegant ,Fitted ,SHEIN privé
4.86,14.4,20,(1000+ Reviews),Fabric ,Multicolor ,Boho ,A Line ,SHEIN VCAY
4.96,28,0,(1000+ Reviews),Fabric ,Black ,Party ,Cami ,Joyfunear
4.9,19,0,(1000+ Reviews),Woven Fabric ,Red ,Casual ,Cami ,SHEIN MOD
4.9,12,0,(1000+ Reviews),Fabric ,Blue and White ,Boho ,Cami ,SHEIN WYWH
4.97,23,0,(100+ Reviews),Woven Fabric ,Red ,Party- Sexy ,A Line- Fitted ,SHEIN EastFlair
4.96,9,0,(500+ Reviews),Knitted Fabric ,White ,Sexy ,Cami ,SHEIN ICON
4.96,7,0,(1000+ Reviews),Fabric ,Multicolor ,Boho ,Tunic ,EMERY ROSE
4.89,11.05,15,(100+ Reviews),Fabric ,Hot Pink ,Casual ,Tunic ,SHEIN VCAY
4.96,19.55,15,(100+ Reviews),Woven Fabric ,Apricot ,Boho ,A Line ,SHEIN LONESS
5,9,0,(1000+ Reviews),Fabric ,Black and White ,Sexy ,Cami ,SHEIN VCAY
4.96,13,0,(1000+ Reviews),Fabric ,Black ,Sexy ,Bodycon ,SHEIN privé
4.94,21,0,(500+ Reviews),Fabric ,Multicolor ,Casual ,Tee ,SHEIN Mulvari
5,12,20,(1000+ Reviews),Fabric ,Burgundy ,Elegant ,Bodycon ,SHEIN Tall
4.96,22,0,(100+ Reviews),Satin ,Green ,Elegant ,Fitted ,Aliling
4.91,26,0,(1000+ Reviews),Woven Fabric ,Pink ,Casual ,Cami ,SHEIN VCAY
4.93,21,0,(1000+ Reviews),Fabric ,Dark Green ,Boho ,A Line ,SHEIN Mulvari
4.95,18,0,(1000+ Reviews),Woven Fabric ,Mint Green ,Casual ,A Line ,SHEIN LUNE
5,14,0,(1000+ Reviews),Fabric ,Red ,Sexy ,Bodycon ,SHEIN privé
4.98,9.25,16,(51 Reviews),Fabric ,Orange ,Casual ,Tee ,SHEIN LUNE
4.91,41,0,(100+ Reviews),Woven Fabric ,Multicolor ,Cute ,Smock ,Beautiful Nomad
4.92,24,0,(1000+ Reviews),Fabric ,Multicolor ,Casual ,Shirt ,SHEIN Frenchy
4.91,34.99,0,(100+ Reviews),Woven Fabric ,Multicolor ,Boho- Elegant ,A Line ,MOTF
4.9,15,0,(88 Reviews),Knitted Fabric ,Green ,Casual ,A Line ,SHEIN MOD
4.91,16,0,(1000+ Reviews),Fabric ,Multicolor ,Casual ,A Line ,SHEIN LONESS
5,10,0,(1000+ Reviews),Fabric ,Multicolor ,Boho ,Cami ,SHEIN WYWH
4.87,11,0,(1000+ Reviews),Woven Fabric ,Hot Pink ,Casual ,A Line ,SHEIN VCAY
4.9,19,0,(100+ Reviews),Woven Fabric ,Blue and White ,Boho ,A Line ,SHEIN MOD
4.9,26,0,(100+ Reviews),Knitted Fabric ,Brown ,Casual ,Fitted ,SHEIN Mulvari
4.97,10,0,(500+ Reviews),Knitted Fabric ,Multicolor ,Elegant ,Cami ,SHEIN Tall
5,24,0,(1000+ Reviews),Fabric ,Red ,Boho ,A Line- Cami ,SHEIN VCAY
4.92,22,0,(1000+ Reviews),Knitted Fabric ,Dusty Blue ,Elegant ,Cami ,SHEIN MOD
4.9,22,0,(1000+ Reviews),Chiffon ,Multicolor ,Elegant ,Cami ,Glamaker
5,18,0,(1000+ Reviews),Fabric ,Apricot ,Casual ,Tee ,SHEIN Mulvari
4.97,11.9,15,(1000+ Reviews),Knitted Fabric ,Black ,Elegant ,Bodycon ,SHEIN privé
5,16,20,(1000+ Reviews),Fabric ,Maroon ,Elegant ,A Line ,SHEIN privé
4.89,17,0,(1000+ Reviews),Woven Fabric ,Blue ,Casual ,Shirt ,SHEIN LUNE
4.98,23,0,(100+ Reviews),Woven Fabric ,Black ,Elegant ,Shirt ,SHEIN MOD
4.94,47,0,(100+ Reviews),Embroidery ,Pink ,Elegant ,A Line ,SHEIN Belle
4.96,12.8,20,(83 Reviews),Fabric ,Black ,Casual ,Bodycon ,SHEIN Slayr
5,7,0,(1000+ Reviews),Fabric ,Coffee Brown ,Casual ,Tunic ,SHEIN LUNE
4.93,28,0,(56 Reviews),Knitted Fabric ,Khaki ,Elegant ,Bodycon ,Dazy
4.98,16,0,(1000+ Reviews),Knitted Fabric ,Burgundy ,Elegant ,Bodycon ,SHEIN Lady
4.95,22,0,(100+ Reviews),Knitted Fabric ,Dark Green ,Party- Elegant ,Bodycon ,SHEIN BAE
4.93,9,0,(1000+ Reviews),Fabric ,Hot Pink ,Party- Sexy ,Cami ,SHEIN ICON
4.94,11,0,(1000+ Reviews),Woven Fabric ,Multicolor ,Boho ,Cami ,SHEIN WYWH
4.9,17.6,20,(1000+ Reviews),Woven Fabric ,Pink ,Party ,Tank ,SHEIN privé
4.92,14,0,(1000+ Reviews),Fabric ,Black and White ,Elegant ,Bodycon ,SHEIN Slayr
4.92,21,0,(100+ Reviews),Fabric ,White ,Sexy ,Bodycon ,Aliling
4.96,20,0,(100+ Reviews),Knitted Fabric ,Multicolor ,Elegant ,Bodycon ,SHEIN Lady
5,8,0,(1000+ Reviews),Fabric ,Dark Grey ,Sexy- Casual ,Cami ,SHEIN Essnce
5,9,0,(1000+ Reviews),Fabric ,Black ,Casual ,Smock ,SHEIN LUNE
4.95,15,0,(1000+ Reviews),Mesh Fabric ,Multicolor ,Elegant ,Bodycon ,SHEIN Modely
4.95,21,0,(100+ Reviews),Knitted Fabric ,Green ,Elegant ,Cami ,SHEIN privé
4.87,18.4,20,(100+ Reviews),Woven Fabric ,Multicolor ,Boho ,Cami ,SHEIN Frenchy
4.9,12,0,(1000+ Reviews),Fabric ,Black and White ,Casual ,Smock ,EMERY ROSE
5,13,0,(1000+ Reviews),Fabric ,Green ,Casual ,Tunic ,SHEIN LONESS
5,18.7,15,(100+ Reviews),Knitted Fabric ,Multicolor ,Elegant ,Cami ,SHEIN Haute
5,12,0,(27 Reviews),Polyester ,Multicolor ,Sexy ,Tee ,Dazy
4.94,24,0,(500+ Reviews),Knitted Fabric ,White ,Elegant ,A Line- Fitted ,SHEIN MOD
5,15,0,(1000+ Reviews),Fabric ,Orange ,Sexy ,Cami ,SHEIN BAE
5,6.4,20,(1000+ Reviews),Fabric ,Black ,Boho ,Bodycon ,SHEIN VCAY
4.96,46,0,(1000+ Reviews),Satin ,Navy Blue ,Elegant ,A Line ,FAERIESTY
4.95,6.4,20,(100+ Reviews),Woven Fabric ,Multicolor ,Boho ,Tunic ,SHEIN VCAY
5,19,0,(1000+ Reviews),Fabric ,Multicolor ,Casual ,A Line ,SHEIN VCAY
4.99,16,0,(1000+ Reviews),Flannelette ,Teal Blue ,Elegant ,Bodycon ,SHEIN PETITE
5,9,25,(1000+ Reviews),Fabric ,Red ,Elegant ,Bodycon ,SHEIN Belle
4.95,14,0,(1000+ Reviews),Fabric ,Navy Blue ,Boho ,Tunic ,EMERY ROSE
4.95,47,0,(1000+ Reviews),Fabric ,Multicolor ,Party ,Bodycon ,LOVE&LEMONADE
4.93,19,0,(100+ Reviews),Fabric ,Red ,Elegant ,A Line ,SHEIN Mulvari
4.95,9.6,20,(1000+ Reviews),Fabric ,Black ,Casual ,Tank ,ROMWE
4.95,54.99,0,(86 Reviews),Woven Fabric ,Red ,Party- Elegant ,Fitted ,MOTF
5,19,0,(1000+ Reviews),Fabric ,Purple ,Casual ,Fitted ,SHEIN privé
4.98,22.1,15,(500+ Reviews),Woven Fabric ,White ,Boho ,A Line ,SHEIN VCAY
4.93,19,0,(500+ Reviews),Knitted Fabric ,Burgundy ,Elegant ,Bodycon ,SHEIN BAE
4.94,19,0,(100+ Reviews),Knitted Fabric ,Mocha Brown ,Casual ,Bodycon ,SHEIN EZwear
4.91,29.99,0,(500+ Reviews),Knitted Fabric ,Dusty Pink ,Party ,Cami ,MOTF
4.98,28,0,(1000+ Reviews),Satin ,Dusty Pink ,Party ,Cami ,Joyfunear
4.89,19,0,(1000+ Reviews),Fabric ,Dark Grey ,Casual ,Tee ,Dazy
4.96,10.25,27,(100+ Reviews),Mesh Fabric ,Orange ,Casual ,Cami ,SHEIN ICON
4.88,26,0,(100+ Reviews),Fabric ,White ,Elegant ,Shirt ,SHEIN MOD
4.89,30,0,(1000+ Reviews),Woven Fabric ,Apricot ,Casual ,Shirt ,SHEIN LUNE
4.94,9,0,(1000+ Reviews),Mesh Fabric ,Red ,Sexy ,Cami ,SHEIN privé
4.94,11,50,(1000+ Reviews),Fabric ,Red ,Elegant ,Bodycon ,SHEIN Belle
4.91,4.5,50,(100+ Reviews),Fabric ,Red ,Sexy ,Bodycon ,SHEIN ICON
4.93,11.2,20,(1000+ Reviews),Fabric ,Black ,Sexy ,Bodycon ,SHEIN ICON
5,21,0,(33 Reviews),Woven Fabric ,Multicolor ,Boho- Casual ,A Line ,SHEIN VCAY
4.95,10.2,15,(1000+ Reviews),Knitted Fabric ,Multicolor ,Elegant ,Fitted ,EMERY ROSE
4.93,6.4,20,(1000+ Reviews),Woven Fabric ,Blue ,Boho ,Cami ,SHEIN Tall
4.89,10,0,(37 Reviews),Woven Fabric ,Multicolor ,Boho ,Cami ,SHEIN VCAY
4.86,25,0,(500+ Reviews),Woven Fabric ,Baby Pink ,Elegant ,A Line ,SHEIN Frenchy
5,17,0,(37 Reviews),Woven Fabric ,Multicolor ,Boho ,Cami ,SHEIN WYWH
5,9,0,(1000+ Reviews),Knitted Fabric ,Army Green ,Elegant ,Bodycon ,SHEIN privé
4.87,42,0,(500+ Reviews),Chiffon ,Multicolor ,Boho ,A Line ,Giffniseti
4.96,10,0,(1000+ Reviews),Knitted Fabric ,Navy Blue ,Casual ,Fit and Flare ,SHEIN privé
4.95,15,0,(1000+ Reviews),Fabric ,Black ,Elegant ,Bodycon ,SHEIN Mulvari
5,17,0,(22 Reviews),Woven Fabric ,Multicolor ,Boho ,Cami ,SHEIN X
4.87,15,0,(100+ Reviews),Woven Fabric ,Army Green ,Casual ,Tunic ,EMERY ROSE
5,9,0,(1000+ Reviews),Fabric ,Black ,Sexy ,Bodycon ,SHEIN BAE
4.93,24,0,(100+ Reviews),Knitted Fabric ,Green ,Party ,Bodycon ,SHEIN BAE
4.9,9,0,(1000+ Reviews),Fabric ,Pink ,Sexy ,Cami ,SHEIN ICON
4.95,22,0,(1000+ Reviews),Fabric ,Yellow ,Casual ,A Line ,SHEIN LONESS
4.95,23,0,(100+ Reviews),Fabric ,White ,Casual ,A Line ,SHEIN VCAY
5,21,0,(1000+ Reviews),Fabric ,Orange ,Cute ,A Line ,SHEIN VCAY
5,12,0,(27 Reviews),Fabric ,Black ,Casual ,Bodycon ,SHEIN Coolane
4.92,23,0,(38 Reviews),Fabric ,Multicolor ,Boho ,A Line ,Dazy
4.98,27,0,(1000+ Reviews),Satin ,Navy Blue ,Party ,Cami ,Joyfunear
5,20,0,(1000+ Reviews),Fabric ,Black ,Sexy ,Fitted ,SHEIN Belle
4.87,20,0,(1000+ Reviews),Fabric ,Yellow ,Sexy ,Cami ,SHEIN WYWH
4.96,42,0,(1000+ Reviews),Fabric ,Black ,Party ,Bodycon ,LOVE&LEMONADE
4.93,37,0,(500+ Reviews),Fabric ,Black ,Elegant ,A Line ,SHEIN Essnce
4.89,24,0,(92 Reviews),Knitted Fabric ,White ,Party- Elegant ,Bodycon ,SHEIN privé
5,23,0,(1000+ Reviews),Fabric ,Mustard Yellow ,Casual ,Cami ,SHEIN Slayr
4.96,36,0,(1000+ Reviews),Fabric ,Burgundy ,Party ,Fitted ,Joyfunear
4.9,14.45,15,(500+ Reviews),Fabric ,White ,Boho ,A Line ,SHEIN VCAY
4.91,28,0,(100+ Reviews),Fabric ,White ,Casual ,Cami ,Amyenjoylife
5,13,0,(1000+ Reviews),Fabric ,Black ,Casual ,A Line ,SHEIN Unity
4.9,16.15,15,(100+ Reviews),Woven Fabric ,Black ,Boho ,A Line ,SHEIN Frenchy
4.86,24,0,(100+ Reviews),Woven Fabric ,Black ,Elegant ,A Line ,Dazy
4.91,18,0,(500+ Reviews),Woven Fabric ,Multicolor ,Casual ,Cami ,SHEIN VCAY
4.88,19,0,(100+ Reviews),Woven Fabric ,Multicolor ,Boho ,A Line ,SHEIN VCAY
4.92,13.6,20,(1000+ Reviews),Fabric ,Red and White ,Sexy ,Cami ,SHEIN VCAY
4.91,8.5,15,(23 Reviews),Knitted Fabric ,Black and White ,Elegant ,Bodycon ,SHEIN Lady
4.95,25,0,(1000+ Reviews),Fabric ,Blue ,Elegant ,Fitted ,SHEIN Modely
4.95,16,0,(100+ Reviews),Woven Fabric ,Multicolor ,Boho ,Cami ,SHEIN Clasi
4.95,15,0,(500+ Reviews),Knitted Fabric ,Royal Blue ,Elegant ,Bodycon ,SHEIN privé
4.98,31,0,(100+ Reviews),Flocking ,Black ,Party ,Fit and Flare ,SHEIN DECDS
4.94,14,0,(66 Reviews),Lace ,Black ,Elegant ,Bodycon ,SHEIN ICON
5,49.99,0,(22 Reviews),Woven Fabric ,Red ,Elegant ,A Line ,MOTF
4.88,18,18,(26 Reviews),Woven Fabric ,Burnt Orange ,Elegant- Casual ,Shirt ,SHEIN LONESS
4.96,41,0,(100+ Reviews),Fabric ,Hot Pink ,Party ,Fitted ,Glamaker
4.9,12,20,(1000+ Reviews),Woven Fabric ,Green ,Boho ,A Line ,SHEIN VCAY
4.87,12,20,(500+ Reviews),Fabric ,Black ,Casual ,Bodycon ,SHEIN privé
4.89,16.5,50,(500+ Reviews),Woven Fabric ,Royal Blue ,Party ,Fitted ,SHEIN Modely
4.98,20,0,(100+ Reviews),Knitted Fabric ,Multicolor ,Casual ,Fitted ,SHEIN Lady
4.89,34,0,(100+ Reviews),Woven Fabric ,Black ,Elegant ,Fitted ,SHEIN Frenchy
4.86,11.5,18,(500+ Reviews),Knitted Fabric ,Army Green ,Sexy ,Cami ,SHEIN ICON
4.96,31,0,(100+ Reviews),Fabric ,Black ,Party ,Cami ,Zoctuo
4.98,9.5,27,(100+ Reviews),Knitted Fabric ,Red ,Sexy ,Cami ,SHEIN privé
5,14.4,20,(1000+ Reviews),Fabric ,Apricot ,Party ,Cami ,SHEIN BIZwear
5,9,0,(1000+ Reviews),Knitted Fabric ,Dark Green ,Casual ,Tank ,SHEIN LUNE
5,15,0,(1000+ Reviews),Fabric ,Cadet Blue ,Boho ,Cami ,SHEIN VCAY
5,14,0,(1000+ Reviews),Fabric ,Black ,Elegant ,Bodycon ,SHEIN privé
5,12,20,(1000+ Reviews),Fabric ,Hot Pink ,Sexy ,Cami ,SHEIN BAE
4.96,8,0,(100+ Reviews),Knitted Fabric ,Black ,Casual ,Cami ,SHEIN ICON
4.85,20,0,(1000+ Reviews),Mesh Fabric ,Baby Blue ,Party ,Cami ,SHEIN MOD
4.96,21,0,(100+ Reviews),Knitted Fabric ,Burgundy ,Party ,A Line- Fit and Flare ,ROMWE
4.98,19,0,(100+ Reviews),Knitted Fabric ,Khaki ,Party ,Bodycon ,SHEIN BAE
4.92,16,0,(1000+ Reviews),Fabric ,Black and White ,Boho ,A Line ,SHEIN PETITE
4.9,21,0,(100+ Reviews),Fabric ,Mint Green ,Elegant ,Cami ,SHEIN Clasi
5,18,0,(22 Reviews),Knitted Fabric ,Blue ,Casual ,Cami ,SHEIN privé
4.83,18,40,(500+ Reviews),Fabric ,Brown ,Casual ,Fitted ,Dazy
4.95,56,0,(1000+ Reviews),Mesh Fabric ,White ,Boho ,A Line ,Giffniseti
4.95,22,0,(100+ Reviews),Fabric ,Red ,Sexy ,Bodycon ,SHEIN privé
4.97,12.8,20,(500+ Reviews),Knitted Fabric ,Black ,Boho ,Cami ,SHEIN privé
4.91,11.5,18,(500+ Reviews),Knitted Fabric ,Khaki ,Sexy ,Bodycon ,SHEIN privé
5,8,0,(1000+ Reviews),Knitted Fabric ,Multicolor ,Elegant ,Bodycon ,SHEIN Frenchy
4.95,22,0,(500+ Reviews),Fabric ,Royal Blue ,Elegant ,Bodycon ,SHEIN Slayr
4.94,26,0,(100+ Reviews),Fabric ,Royal Blue ,Party ,Fitted ,DYDAWN
4.94,14,0,(35 Reviews),Knitted Fabric ,Khaki ,Elegant ,Bodycon ,SHEIN Lady
4.93,17,0,(100+ Reviews),Knitted Fabric ,Coffee Brown ,Elegant- Casual ,A Line ,SHEIN Essnce
4.86,19.2,20,(1000+ Reviews),Woven Fabric ,Red ,Casual ,A Line ,SHEIN LONESS
5,9,0,(21 Reviews),Polyester ,Black ,Casual ,Tee ,SHEIN LUNE
4.89,34,0,(1000+ Reviews),Chiffon ,Multicolor ,Modest ,A Line ,SHEIN Mulvari
5,28,0,(1000+ Reviews),Chiffon ,Purple ,Sexy ,A Line ,Double Crazy
4.93,16,0,(500+ Reviews),Fabric ,White ,Casual ,Tank ,SHEIN privé
4.68,16,20,(100+ Reviews),Polyester ,Red ,Casual ,A Line- Fitted ,MAGICMK
4.91,18,0,(100+ Reviews),Woven Fabric ,White ,Casual ,Tunic ,SHEIN Clasi
4.96,13,0,(500+ Reviews),Rib knit ,Khaki ,Casual ,Bodycon ,SHEIN PETITE
4.87,22,0,(100+ Reviews),Fabric ,Green ,Sexy ,Cami ,SDNGED
4.96,16,0,(100+ Reviews),Knitted Fabric ,Pink ,Elegant ,Bodycon ,SHEIN privé
4.97,20,0,(500+ Reviews),Fabric ,Black ,Casual ,A Line ,SHEIN VCAY
5,19,0,(20 Reviews),Fabric ,Green ,Elegant ,Bodycon- Fitted ,SHEIN Slayr
4.91,18.7,15,(500+ Reviews),Fabric ,Purple ,Boho ,A Line ,HELYO
5,24,0,(23 Reviews),Polyester ,Blue ,Elegant ,Bodycon ,Dazy
5,8,50,(21 Reviews),Knitted Fabric ,Multicolor ,Elegant ,A Line- Fitted ,SHEIN Qutie
4.86,14,0,(98 Reviews),Knitted Fabric ,Multicolor ,Casual ,A Line- Fitted ,SHEIN MOD
4.92,19,0,(500+ Reviews),Woven Fabric ,Yellow ,Boho ,A Line ,SHEIN Clasi
5,18,0,(27 Reviews),Polyester ,Apricot ,Elegant ,Bodycon ,SHEIN privé
4.94,19,0,(70 Reviews),Knitted Fabric ,Black ,Elegant ,Bodycon ,ChicMe
4.92,14,0,(1000+ Reviews),Fabric ,Green ,Boho ,Tank ,EMERY ROSE
4.94,18,0,(1000+ Reviews),Fabric ,Green ,Casual ,Tee ,SHEIN Mulvari
5,9,0,(20 Reviews),Woven Fabric ,Multicolor ,Boho ,Cami ,SHEIN WYWH
4.87,16.8,20,(1000+ Reviews),Knitted Fabric ,Baby Pink ,Sexy ,Bodycon ,SHEIN privé
5,14,0,(1000+ Reviews),Fabric ,Black and White ,Elegant ,Fitted ,SHEIN Clasi
4.95,8,50,(1000+ Reviews),Woven Fabric ,Apricot ,Boho ,A Line ,SHEIN VCAY
4.85,18,25,(100+ Reviews),Woven Fabric ,White ,Casual ,A Line ,SHEIN VCAY
4.93,15,0,(1000+ Reviews),Knitted Fabric ,Black ,Elegant- Sexy ,A Line- Fit and Flare ,SHEIN MOD
4.95,14,0,(500+ Reviews),Knitted Fabric ,Blue and White ,Elegant ,Bodycon ,SHEIN Clasi
4.93,10.2,40,(1000+ Reviews),Fabric ,Multicolor ,Casual ,Tee ,SHEIN Mulvari
4.95,18,0,(1000+ Reviews),Fabric ,Royal Blue ,Casual ,Fitted ,SHEIN privé
4.97,10,0,(1000+ Reviews),Knitted Fabric ,Blue and White ,Casual ,Bodycon ,SHEIN Clasi
4.93,28,0,(1000+ Reviews),Knitted Fabric ,Black ,Party ,Bodycon ,SHEIN Modely
5,12,0,(18 Reviews),Woven Fabric ,Red ,Casual ,Cami ,SHEIN privé
4.98,11.9,15,(100+ Reviews),Woven Fabric ,Baby Blue ,Boho ,Cami ,SHEIN MOD
5,15,0,(31 Reviews),Knitted Fabric ,Black ,Sexy ,Bodycon ,Dazy
4.9,16.15,15,(100+ Reviews),Woven Fabric ,Green ,Boho ,Cami ,SHEIN privé
4.94,46,0,(1000+ Reviews),Fabric ,Burgundy ,Sexy ,Bodycon ,BEAUKEY
4.92,11,0,(1000+ Reviews),Woven Fabric ,Green ,Casual ,Smock ,SHEIN LUNE
4.93,22,0,(1000+ Reviews),Fabric ,Navy Blue ,Elegant ,Tunic ,SHEIN Frenchy
4.96,37,0,(500+ Reviews),Sequins ,Red ,Party ,Cami ,SHEIN Belle
4.91,9.6,20,(500+ Reviews),Fabric ,Red ,Sexy ,Fitted ,SHEIN ICON
4.92,18,0,(1000+ Reviews),Fabric ,Green ,Casual ,A Line ,SHEIN VCAY
4.86,18,0,(500+ Reviews),Knitted Fabric ,Rust Brown ,Boho ,Fitted ,ROMWE
4.96,16,20,(100+ Reviews),Fabric ,White ,Casual ,Tank ,SHEIN EZwear
4.89,21,0,(500+ Reviews),Fabric ,Blue and White ,Boho ,Fitted ,SHEIN MOD
4.92,19,0,(1000+ Reviews),Fabric ,Multicolor ,Elegant ,Bodycon ,SHEIN Modely
4.91,18,0,(100+ Reviews),Knitted Fabric ,Burgundy ,Elegant ,Bodycon- Fitted ,SHEIN Clasi
5,26,0,(21 Reviews),Woven Fabric ,Blue ,Elegant ,A Line ,SHEIN Modely
4.93,7,50,(500+ Reviews),Knitted Fabric ,Red ,Party- Elegant- Casual ,Cami ,SHEIN MOD
4.97,14,18,(30 Reviews),Knitted Fabric ,Grey ,Sexy ,Bodycon ,SHEIN BAE
5,40,0,(1000+ Reviews),Lace ,Pink ,Elegant ,A Line ,MIUSOL
4.98,13,28,(89 Reviews),Mesh Fabric ,Green ,Elegant ,Fitted ,SHEIN Clasi
4.93,13,0,(500+ Reviews),Woven Fabric ,Mint Green ,Casual ,Tunic ,SHEIN Frenchy
4.97,17,15,(100+ Reviews),Knitted Fabric ,Burgundy ,Party- Elegant ,Bodycon ,SHEIN Aloruh
4.81,30,0,(21 Reviews),Woven Fabric ,White ,Elegant ,A Line ,SHEIN Modely
4.95,19,0,(1000+ Reviews),Fabric ,Burgundy ,Elegant ,Bodycon ,SHEIN Modely
4.93,21,0,(100+ Reviews),Woven Fabric ,Black ,Boho ,Cami ,SHEIN VCAY
4.95,17,0,(1000+ Reviews),Fabric ,Multicolor ,Boho ,Cami ,SHEIN VCAY
5,12,0,(21 Reviews),Knitted Fabric ,Khaki ,Casual ,Tank ,SHEIN EZwear
4.95,31,0,(100+ Reviews),Fabric ,Baby Pink ,Elegant ,A Line ,Simplee
4.96,16.8,20,(500+ Reviews),Fabric ,Burgundy ,Party ,A Line ,SHEIN LONESS
4.91,20,0,(500+ Reviews),Fabric ,Black ,Casual ,A Line ,SHEIN LUNE
4.92,23,0,(1000+ Reviews),Woven Fabric ,Mint Green ,Boho ,A Line ,SHEIN VCAY
4.91,22,0,(100+ Reviews),Woven Fabric ,White ,Elegant ,A Line ,SHEIN MOD
4.96,13,0,(1000+ Reviews),Fabric ,Black ,Boho ,Cami ,SHEIN WYWH
4.91,18.4,20,(100+ Reviews),Satin ,Apricot ,Elegant ,Bodycon ,SHEIN BAE
4.92,22,0,(100+ Reviews),Woven Fabric ,White ,Boho ,Cami ,SHEIN VCAY
4.97,29,0,(100+ Reviews),Mesh Fabric ,Black ,Party ,Bodycon ,YMyimei
4.94,10.5,25,(100+ Reviews),Knitted Fabric ,Black and White ,Party ,Cami ,SHEIN ICON
4.89,15,0,(1000+ Reviews),Fabric ,Burgundy ,Elegant ,Fit and Flare ,SHEIN EZwear
5,22,0,(17 Reviews),Fabric ,Black ,Boho ,Fitted ,SHEIN LONESS
4.84,13,0,(100+ Reviews),Fabric ,Black ,Boho- Casual ,Tunic ,SHEIN Unity
4.84,15,0,(1000+ Reviews),Chiffon ,White ,Casual ,A Line ,SHEIN privé
4.94,19,0,(1000+ Reviews),Knitted Fabric ,Coffee Brown ,Casual ,Tee ,SHEIN LUNE
5,34,0,(1000+ Reviews),Lace ,White ,Elegant ,A Line ,TICOSA
4.9,23,0,(100+ Reviews),Fabric ,Coral Pink ,Boho ,A Line ,Dazy
5,19.2,20,(1000+ Reviews),Fabric ,Olive Green ,Boho ,Cami ,SHEIN VCAY
5,18,0,(21 Reviews),Woven Fabric ,Multicolor ,Boho ,A Line ,yisi
4.88,16,0,(100+ Reviews),Knitted Fabric ,Beige ,Casual ,Bodycon ,SHEIN MOD
5,16,0,(17 Reviews),Knitted Fabric ,Black ,Elegant ,Bodycon ,SHEIN MOOSTA
4.95,16,20,(500+ Reviews),Woven Fabric ,Yellow ,Casual ,A Line ,SHEIN VCAY
4.98,19,0,(500+ Reviews),Woven Fabric ,Pink ,Elegant ,A Line- Fit and Flare ,SHEIN MOD
4.85,20,0,(1000+ Reviews),Woven Fabric ,Khaki ,Sexy ,Cami ,SHEIN VCAY
4.9,8,20,(80 Reviews),Knitted Fabric ,Red ,Sexy ,Bodycon ,SHEIN ICON
4.95,12.6,40,(20 Reviews),Woven Fabric ,Multicolor ,Party- Casual ,Cami ,SHEIN MOD
4.92,38,0,(500+ Reviews),Fabric ,Red ,Elegant ,Bodycon ,Barlahlsen
4.92,14,0,(500+ Reviews),Knitted Fabric ,Army Green ,Casual ,Bodycon ,SHEIN Frenchy
4.95,16,0,(1000+ Reviews),Fabric ,Navy Blue ,Casual ,Shirt ,SHEIN VCAY
4.94,15,25,(1000+ Reviews),Fabric ,Multicolor ,Boho ,A Line ,SHEINNeu
4.87,11,0,(500+ Reviews),Woven Fabric ,Brown ,Elegant ,Fitted ,SHEIN privé
4.79,8,20,(500+ Reviews),Satin ,Pink ,Sexy ,Cami ,SHEIN privé
4.78,15,25,(59 Reviews),Woven Fabric ,White ,Elegant ,Bodycon- Fitted ,SHEIN EastFlair
5,16,0,(1000+ Reviews),Fabric ,Multicolor ,Elegant ,A Line ,SHEIN VCAY
5,16,0,(1000+ Reviews),Fabric ,Multicolor ,Elegant ,A Line ,SHEIN VCAY
4.95,14.4,20,(100+ Reviews),Knitted Fabric ,Black ,Elegant ,Bodycon ,SHEIN Frenchy
4.88,17,0,(1000+ Reviews),Woven Fabric ,Navy Blue ,Casual ,Tunic ,SHEIN Najma
4.95,18,0,(1000+ Reviews),Fabric ,Multicolor ,Boho ,Tank ,EMERY ROSE
4.92,9.5,50,(500+ Reviews),Lace ,White ,Elegant ,Bodycon ,SHEIN privé
4.96,13.6,20,(1000+ Reviews),Flannelette ,Orange ,Boho ,Cami ,SHEIN ICON
5,39.99,27,(16 Reviews),Polyester ,Yellow ,Boho ,A Line ,Simple Retro
4.85,18,0,(500+ Reviews),Woven Fabric ,Blue and White ,Casual ,A Line ,SHEIN LUNE
5,18.7,15,(16 Reviews),Fabric ,Hot Pink ,Boho- Casual ,Cami ,SHEIN Frenchy
4.95,13,0,(500+ Reviews),Fabric ,Multicolor ,Sexy ,Bodycon ,SHEIN privé
4.94,7,0,(1000+ Reviews),Woven Fabric ,Mustard Yellow ,Casual ,Tunic ,SHEIN Clasi
4.95,6.8,15,(1000+ Reviews),Fabric ,Green ,Casual ,Cami ,SHEIN Frenchy
5,17,0,(19 Reviews),PU Leather ,Brown ,Sexy ,Bodycon ,SHEIN ICON
4.98,15,0,(100+ Reviews),Woven Fabric ,Black ,Party- Sexy ,Bodycon ,SHEIN BAE
4.91,10,0,(1000+ Reviews),Satin ,Apricot ,Sexy ,Fitted ,SHEIN Aloruh
5,7.65,15,(1000+ Reviews),Fabric ,Multicolor ,Elegant ,Bodycon ,SHEIN Clasi
4.94,23,0,(500+ Reviews),Knitted Fabric ,Hot Pink ,Sexy ,Bodycon ,SHEIN Slayr
4.89,8.8,20,(1000+ Reviews),Woven Fabric ,Pink ,Boho ,A Line ,SHEIN LUNE
4.77,22,0,(1000+ Reviews),Woven Fabric ,Baby Blue ,Party ,Cami ,SHEIN BAE
5,12,0,(16 Reviews),Polyester ,Black ,Sexy- Casual ,Bodycon- Fitted ,SHEIN Slayr
4.97,25,0,(70 Reviews),Knitted Fabric ,Khaki ,Elegant ,A Line ,SHEIN DECDS
4.93,16,0,(1000+ Reviews),Knitted Fabric ,Orange ,Casual ,Tank ,SHEIN Slayr
4.78,28,0,(100+ Reviews),Woven Fabric ,White ,Elegant ,A Line ,SHEIN Modely
4.87,19,0,(97 Reviews),Fabric ,Beige ,Elegant ,Fitted ,SHEIN BAE
4.97,14,0,(1000+ Reviews),Knitted Fabric ,Navy Blue ,Sexy ,Bodycon ,SHEIN BAE
4.96,17,0,(1000+ Reviews),Woven Fabric ,Navy Blue ,Casual ,A Line ,SHEIN LUNE
5,11,50,(47 Reviews),Fabric ,Blue ,Elegant ,Bodycon ,SHEIN Slayr
4.95,23,0,(55 Reviews),Fabric ,Multicolor ,Boho ,A Line ,SHEIN VCAY
4.92,18.4,20,(100+ Reviews),Woven Fabric ,Black ,Casual ,A Line ,SHEIN LONESS
4.96,12.8,20,(100+ Reviews),Mesh Fabric ,Red ,Sexy ,Cami ,SHEIN PETITE
5,35,0,(1000+ Reviews),Metallic ,Gold ,Party ,Bodycon ,Joyfunear
4.85,16,0,(100+ Reviews),Polyester ,Black ,Sexy ,Cami ,DOUCIU
5,27,0,(14 Reviews),Woven Fabric ,Black ,Casual ,A Line ,Friful
4.93,15,29,(100+ Reviews),Woven Fabric ,Multicolor ,Boho ,A Line ,SHEIN VCAY
4.94,21,0,(1000+ Reviews),Woven Fabric ,Green ,Casual ,A Line ,SHEIN VCAY
4.94,18,0,(100+ Reviews),Woven Fabric ,Blue ,Boho ,A Line ,SHEIN VCAY
4.93,9.6,20,(1000+ Reviews),Fabric ,Hot Pink ,Boho ,A Line ,SHEIN VCAY
4.89,15,0,(100+ Reviews),Woven Fabric ,Green ,Sexy ,Fitted ,SHEIN VCAY
4.91,18,0,(100+ Reviews),Knitted Fabric ,Multicolor ,Sexy ,Cami ,SHEIN BAE
4.9,14,0,(1000+ Reviews),Satin ,Royal Blue ,Sexy ,A Line ,SHEIN BAE
4.93,24,0,(1000+ Reviews),Woven Fabric ,Navy Blue ,Casual ,A Line ,SHEIN LUNE
4.93,24,0,(1000+ Reviews),Fabric ,White ,Boho ,A Line ,SHEIN LONESS
4.91,6.75,16,(1000+ Reviews),Knitted Fabric ,Dark Green ,Sexy ,Bodycon ,SHEIN Slayr
4.94,15,0,(1000+ Reviews),Knitted Fabric ,Dusty Pink ,Sexy ,Cami ,SHEIN privé
5,17,0,(16 Reviews),Mesh ,Brown ,Sexy ,Bodycon ,Dazy
4.87,23.8,15,(500+ Reviews),Coated Fabric ,Bronze ,Party ,A Line ,SHEIN BAE
4.96,12,0,(1000+ Reviews),Fabric ,Khaki ,Casual ,Tee ,Dazy
4.98,18,18,(500+ Reviews),Fabric ,Black ,Casual ,A Line ,SHEIN LUNE
4.96,16,0,(100+ Reviews),Woven Fabric ,Multicolor ,Casual ,Fitted ,SHEIN privé
5,21,0,(47 Reviews),Fabric ,Multicolor ,Casual ,Tee ,ChicMe
4.91,9.5,50,(500+ Reviews),Woven Fabric ,Black ,Casual ,Cami ,SHEIN MOD
4.9,45,0,(1000+ Reviews),Chiffon ,White ,Boho ,A Line ,LOVE&LEMONADE
4.88,21,0,(100+ Reviews),Fabric ,Pink ,Boho ,A Line ,SHEIN VCAY
4.91,16,20,(94 Reviews),Woven Fabric ,Green ,Boho ,Cami ,SHEIN VCAY
4.96,11,0,(500+ Reviews),Knitted Fabric ,Multicolor ,Casual ,Cami ,SHEIN EZwear
4.91,17,15,(100+ Reviews),Knitted Fabric ,Red ,Elegant ,Cami ,SHEIN MOD
4.88,9,0,(16 Reviews),Knitted Fabric ,Black ,Sexy ,Cami ,SHEIN MOOSTA
4.99,16,20,(100+ Reviews),Fabric ,Multicolor ,Sexy ,Bodycon ,SHEIN Slayr
5,12,0,(1000+ Reviews),Fabric ,Dark Green ,Casual ,Cami ,SHEIN EZwear
4.9,16,0,(1000+ Reviews),Woven Fabric ,Royal Blue ,Casual ,Fitted ,SHEIN VCAY
4.83,14,0,(100+ Reviews),Woven Fabric ,Green ,Casual ,Tunic ,SHEIN LUNE
4.95,17,0,(22 Reviews),Mesh Fabric ,Multicolor ,Elegant- Casual ,Bodycon ,SHEIN Tall
5,12,0,(16 Reviews),Knitted Fabric ,Black ,Elegant ,Bodycon ,SHEIN PETITE
5,10.75,17,(20 Reviews),Fabric ,Multicolor ,Elegant ,Bodycon ,SHEIN Lady
5,11.9,15,(13 Reviews),Knitted Fabric ,Black and White ,Elegant- Casual ,Bodycon- Fitted ,SHEIN privé
4.74,15.2,20,(1000+ Reviews),Fabric ,White ,Boho ,A Line ,SHEIN WYWH
5,7.5,50,(15 Reviews),Mesh ,Multicolor ,Sexy ,Cami ,SHEIN PETITE
5,18,0,(18 Reviews),Fabric ,Multicolor ,Boho ,Smock ,SHEIN LUNE
5,22,0,(12 Reviews),Woven Fabric ,Dusty Pink ,Elegant ,Cami ,SHEIN privé
5,19,0,(20 Reviews),Polyester ,Blue ,Casual ,Shirt ,OYYN
4.92,21,0,(100+ Reviews),Woven Fabric ,Dusty Blue ,Sexy ,Bodycon ,SHEIN privé
4.89,17,0,(100+ Reviews),Woven Fabric ,Blue ,Boho ,Cami ,SHEIN WYWH
5,22,0,(1000+ Reviews),Fabric ,Dark Green ,Elegant ,Bodycon ,SHEIN Slayr
5,15.3,15,(15 Reviews),Fabric ,Pink ,Elegant- Casual ,A Line- Tank ,SHEIN MOD
4.92,24,0,(1000+ Reviews),Fabric ,Baby Blue ,Elegant ,Bodycon ,SHEIN Mulvari
4.88,19,0,(500+ Reviews),Fabric ,Khaki ,Casual ,Fitted ,SHEIN VCAY
4.84,16,0,(1000+ Reviews),Woven Fabric ,Dusty Purple ,Casual ,A Line ,SHEIN EZwear
4.93,17,0,(1000+ Reviews),Knitted Fabric ,Black ,Casual ,Tank ,SHEIN Clasi
4.93,9,0,(1000+ Reviews),Knitted Fabric ,Baby Pink ,Sexy ,Cami ,SHEIN PETITE
4.77,10.4,20,(1000+ Reviews),Fabric ,Black and White ,Boho ,Cami ,SHEIN Frenchy
4.87,13,0,(30 Reviews),Woven Fabric ,Red ,Casual ,Fitted ,SHEIN privé
4.91,55,0,(100+ Reviews),Fabric ,Royal Blue ,Party ,Bodycon ,ADYCE
4.92,39,0,(100+ Reviews),Sequins ,Black ,Party ,A Line ,Glamaker
4.95,23,0,(100+ Reviews),Woven Fabric ,Burgundy ,Elegant ,Fitted ,SHEIN LONESS
4.93,19,0,(500+ Reviews),Fabric ,White ,Boho ,Cami ,SHEIN VCAY
4.99,23,0,(100+ Reviews),Fabric ,Royal Blue ,Casual ,Bodycon ,SHEIN Slayr
4.9,14,0,(1000+ Reviews),Fabric ,Blue and White ,Boho ,A Line ,SHEIN LUNE
4.92,15,25,(100+ Reviews),Woven Fabric ,Multicolor ,Boho ,Smock ,EMERY ROSE
5,17.5,50,(13 Reviews),Fabric ,Khaki ,Elegant- Casual ,A Line ,Dazy
4.98,8,0,(1000+ Reviews),Knitted Fabric ,White ,Casual ,Tank ,SHEIN ICON
4.91,39.99,0,(100+ Reviews),Linen ,Apricot ,Casual ,A Line ,MOTF
4.95,9,0,(1000+ Reviews),Knitted Fabric ,Red and White ,Casual ,Tank ,SHEIN LUNE
4.74,14,0,(61 Reviews),Woven Fabric ,Black ,Sexy ,A Line ,SHEIN Frenchy
4.89,25,0,(1000+ Reviews),Fabric ,Beige ,Casual ,A Line ,SHEIN LUNE
4.89,17.6,20,(100+ Reviews),Lace ,Royal Blue ,Elegant ,A Line ,SHEIN Lady
4.89,12,0,(1000+ Reviews),Woven Fabric ,Brown ,Casual ,Fitted ,SHEIN Clasi
4.9,15,0,(1000+ Reviews),Fabric ,Multicolor ,Elegant ,Fitted ,SHEIN Clasi
5,16.5,28,(12 Reviews),Woven Fabric ,Red ,Casual ,A Line ,SHEIN Frenchy
5,24.65,15,(11 Reviews),Fabric ,White ,Boho ,Cami ,DODC
4.89,10.2,40,(1000+ Reviews),Fabric ,Burgundy ,Casual ,Tee ,SHEIN LUNE
4.89,18,0,(1000+ Reviews),Woven Fabric ,Black ,Boho ,A Line ,SHEIN VCAY
4.95,14,0,(82 Reviews),Knitted Fabric ,Multicolor ,Elegant ,Bodycon ,SHEIN Frenchy
4.94,13,0,(100+ Reviews),Woven Fabric ,Multicolor ,Boho ,Tank ,SHEIN LUNE
4.7,18,0,(1000+ Reviews),Fabric ,Baby Blue ,Boho ,Cami ,SHEIN WYWH
5,15.3,15,(1000+ Reviews),Fabric ,Mint Green ,Casual ,A Line ,SHEIN VCAY
5,19,0,(11 Reviews),Polyester ,Multicolor ,Boho ,A Line- Tank ,EMERY ROSE
5,19,0,(11 Reviews),Woven Fabric ,Multicolor ,Elegant- Casual ,A Line ,SHEIN privé
4.97,18,0,(100+ Reviews),Mesh Fabric ,White ,Elegant ,Bodycon ,SHEIN privé
4.85,18.7,15,(500+ Reviews),Woven Fabric ,Green ,Boho ,Fitted ,SHEIN VCAY
4.97,17,0,(1000+ Reviews),Fabric ,White ,Elegant ,Cami ,SHEIN privé
4.83,14.45,15,(100+ Reviews),Woven Fabric ,Green ,Boho ,Cami ,SHEIN Frenchy
4.88,19,0,(1000+ Reviews),Woven Fabric ,Mauve Purple ,Elegant- Casual ,A Line ,SHEIN LONESS
4.92,22,0,(1000+ Reviews),Fabric ,Red and White ,Boho ,A Line ,SHEIN VCAY
4.84,18,0,(1000+ Reviews),Fabric ,Royal Blue ,Elegant ,Fitted ,SHEIN LONESS
4.93,9,0,(1000+ Reviews),Knitted Fabric ,Royal Blue ,Casual ,Tee ,SHEIN VCAY
4.96,59,0,(500+ Reviews),Fabric ,White ,Elegant ,Bodycon ,BEAUKEY
4.85,16,0,(100+ Reviews),Knitted Fabric ,Burgundy ,Boho- Casual ,Cami ,SHEIN LUNE
5,12.75,25,(1000+ Reviews),Fabric ,Red ,Elegant ,Bodycon ,SHEIN Slayr
4.95,10,17,(1000+ Reviews),Knitted Fabric ,Black ,Elegant ,Bodycon ,SHEIN privé
5,28,0,(11 Reviews),Woven Fabric ,Pink ,Party- Elegant ,A Line- Fitted ,SHEIN Modely
4.89,16,0,(19 Reviews),Knitted Fabric ,Grey ,Sexy ,Cami ,SHEIN BAE
4.94,12,0,(500+ Reviews),Knitted Fabric ,Dusty Blue ,Casual ,Tee ,SHEIN LUNE
4.89,11.2,20,(1000+ Reviews),Fabric ,Multicolor ,Casual ,A Line ,EMERY ROSE
4.92,14,0,(1000+ Reviews),Fabric ,Multicolor ,Casual ,Tank ,SHEIN VCAY
4.93,31,0,(500+ Reviews),Fabric ,Baby Blue ,Elegant ,A Line ,Joyfunear
4.84,16,0,(100+ Reviews),Satin ,Black ,Sexy ,Cami ,SHEIN BAE
4.84,16,0,(100+ Reviews),Knitted Fabric ,Burgundy ,Casual ,Fitted ,SHEIN Clasi
5,16,0,(10 Reviews),Woven Fabric ,Multicolor ,Boho ,A Line ,SHEIN Frenchy
5,15,0,(12 Reviews),Woven Fabric ,Black ,Elegant ,Fitted ,SHEIN Clasi
4.82,17,0,(100+ Reviews),Woven Fabric ,Hot Pink ,Casual ,Tunic ,SHEIN LUNE
4.97,19,0,(500+ Reviews),Woven Fabric ,Multicolor ,Casual ,A Line ,SHEIN LONESS
4.96,20,0,(100+ Reviews),Woven Fabric ,Black and White ,Casual ,Fitted ,SHEIN Clasi
4.9,45,0,(100+ Reviews),Knitted Fabric ,Pink ,Elegant ,Cami ,SHEIN ENCHNT
4.91,16,0,(1000+ Reviews),Fabric ,Black ,Casual ,Tunic ,SHEIN LUNE
5,8.75,27,(11 Reviews),Fabric ,Red ,Casual ,Smock ,SHEIN LUNE
4.97,16.8,40,(86 Reviews),Fabric ,Black and White ,Sexy ,Fitted ,SHEIN VCAY
4.97,11,0,(1000+ Reviews),Knitted Fabric ,Teal Blue ,Elegant ,Bodycon ,SHEIN privé
5,22,0,(33 Reviews),Woven Fabric ,Multicolor ,Casual ,A Line ,SHEIN Clasi
4.89,13,0,(100+ Reviews),Woven Fabric ,Lime Green ,Boho ,Cami ,SHEIN WYWH
4.89,16,0,(1000+ Reviews),Woven Fabric ,Light Wash ,Casual ,A Line ,SHEIN privé
5,15.75,28,(12 Reviews),Fabric ,Brown ,Elegant- Casual ,A Line- Shirt ,SHEIN LONESS
4.96,6,50,(500+ Reviews),Knitted Fabric ,Dark Green ,Sexy ,Cami ,SHEIN BAE
4.93,17,0,(500+ Reviews),Woven Fabric ,Multicolor ,Boho ,Cami ,SHEIN VCAY
5,29,0,(10 Reviews),Mesh ,Dark Green ,Party ,A Line ,SHEIN Modely
4.9,15,0,(1000+ Reviews),Woven Fabric ,Yellow ,Boho ,A Line ,SHEIN WYWH
4.9,13,0,(1000+ Reviews),Knitted Fabric ,Blue ,Casual ,A Line ,SHEIN Clasi
4.87,10,0,(1000+ Reviews),Knitted Fabric ,Navy Blue ,Sexy ,Bodycon ,SHEIN BAE
5,21,0,(1000+ Reviews),Satin ,Teal Blue ,Elegant- Sexy ,Cami ,SHEIN privé
5,21,0,(10 Reviews),Polyester ,White ,Casual ,Tee ,EMERY ROSE
5,12.75,15,(11 Reviews),Knitted Fabric ,Black and White ,Casual ,Tank ,EMERY ROSE
5,26,0,(13 Reviews),Woven Fabric ,Orange ,Elegant ,Bodycon- Fitted ,SHEIN Modely
4.93,10,0,(100+ Reviews),Fabric ,Multicolor ,Casual ,Tank ,SHEIN privé
4.91,14.4,20,(68 Reviews),Knitted Fabric ,Multicolor ,Casual ,Tee ,EMERY ROSE
4.99,19,0,(100+ Reviews),Knitted Fabric ,Black ,Sexy ,Bodycon ,SHEIN Haute
4.97,36,0,(1000+ Reviews),Lace ,Navy Blue ,Elegant ,Bodycon ,MIUSOL
4.87,21,0,(100+ Reviews),Fabric ,White ,Casual ,A Line- Tunic ,EARO
4.94,15.75,28,(100+ Reviews),Woven Fabric ,Black ,Boho ,A Line ,SHEIN VCAY
4.86,16,0,(100+ Reviews),Woven Fabric ,Multicolor ,Casual ,A Line ,SHEIN Clasi
5,13,0,(12 Reviews),Woven Fabric ,Multicolor ,Boho ,Bodycon- Fitted ,SHEIN VCAY
5,36.55,15,(31 Reviews),Fabric ,Black ,Party ,Bodycon ,Zoctuo
5,9,0,(19 Reviews),Woven Fabric ,Multicolor ,Boho ,A Line- Tunic ,SHEIN VCAY
4.92,5.95,15,(1000+ Reviews),Fabric ,Blue and White ,Boho ,Tank ,EMERY ROSE
4.92,29,0,(12 Reviews),Chiffon ,Black ,Party ,A Line ,SHEIN BAE
4.95,9,0,(1000+ Reviews),Knitted Fabric ,Multicolor ,Sexy- Casual ,Cami ,SHEIN privé
4.94,63,0,(500+ Reviews),Fabric ,Gold ,Party ,Bodycon ,ADYCE
4.91,8,0,(1000+ Reviews),Knitted Fabric ,Black and White ,Sexy ,Bodycon ,SHEIN VCAY
4.95,15,0,(100+ Reviews),Woven Fabric ,Multicolor ,Boho ,Bodycon- Fitted ,SHEIN VCAY
4.86,13,28,(100+ Reviews),Woven Fabric ,Black ,Boho ,Cami ,SHEIN VCAY
5,24,0,(12 Reviews),Woven Fabric ,White ,Boho ,A Line ,SHEIN WYWH
4.82,12,25,(100+ Reviews),Fabric ,Green ,Boho ,Cami ,SHEIN VCAY
5,10,0,(1000+ Reviews),Metallic ,Green ,Sexy ,Cami ,SHEIN ICON
4.95,10,0,(1000+ Reviews),Knitted Fabric ,Army Green ,Casual ,Tank ,SHEIN LUNE
4.75,19,0,(12 Reviews),Woven Fabric ,Red ,Sexy ,Cami ,SHEIN privé
4.95,26.35,15,(500+ Reviews),Fabric ,Multicolor ,Elegant ,Tank ,HOMEYEE
4.92,24,0,(12 Reviews),Knitted Fabric ,Multicolor ,Elegant ,Bodycon ,SHEIN Modely
4.94,29,0,(1000+ Reviews),Fabric ,Multicolor ,Boho ,A Line ,Glamaker
5,25,0,(18 Reviews),Sequins ,White ,Boho ,Cami ,Dazy
5,28,0,(19 Reviews),Satin ,Royal Blue ,Party- Elegant ,A Line ,SHEIN Lady
4.9,11,0,(1000+ Reviews),Woven Fabric ,Yellow ,Casual ,Tunic ,SHEIN Clasi
4.89,33,0,(28 Reviews),Knitted Fabric ,Grey ,Elegant ,A Line ,Dazy
5,14,0,(1000+ Reviews),Knitted Fabric ,Navy Blue ,Sexy ,Cami ,SHEIN MOD
4.96,23,0,(1000+ Reviews),Knitted Fabric ,Blue ,Elegant ,Bodycon ,SHEIN Modely
4.9,6.5,50,(100+ Reviews),Knitted Fabric ,Hot Pink ,Elegant- Sexy ,Bodycon ,SHEIN PETITE
4.8,35,0,(100+ Reviews),Fabric ,Black ,Sexy ,Cami ,APPERLOTH A
4.85,14,0,(13 Reviews),Polyester ,Black ,Sexy- Casual ,Cami ,SHEIN EZwear
4.74,14,0,(100+ Reviews),Fabric ,Multicolor ,Boho ,A Line ,SHEIN WYWH
5,14,0,(9 Reviews),Satin ,Apricot ,Sexy ,Cami ,SHEIN BAE
5,12,0,(1000+ Reviews),Knitted Fabric ,Pink ,Casual ,Tank- Fitted ,SHEIN ICON
5,7,0,(1000+ Reviews),Fabric ,Hot Pink ,Boho ,Cami ,SHEIN ICON
4.97,9.6,20,(1000+ Reviews),Knitted Fabric ,Chocolate Brown ,Casual ,Bodycon ,SHEIN EZwear
4.97,16,0,(1000+ Reviews),Fabric ,Black ,Elegant ,Bodycon ,SHEIN privé
4.95,20.4,15,(1000+ Reviews),Woven Fabric ,Orange ,Boho ,A Line ,SHEIN LUNE
5,16,20,(1000+ Reviews),Fabric ,Lilac Purple ,Casual ,A Line ,SHEIN MOD
5,8,0,(1000+ Reviews),Knitted Fabric ,Pink ,Casual ,Tank ,SHEIN Essnce
5,15,0,(1000+ Reviews),Mesh Fabric ,Baby Pink ,Sexy ,Bodycon ,SHEIN privé
5,8.5,15,(1000+ Reviews),Polyester ,Grey ,Casual ,Bodycon- Fitted ,SHEIN Frenchy
4.99,12.5,17,(100+ Reviews),Knitted Fabric ,Royal Blue ,Elegant ,Bodycon ,SHEIN Lady
5,23,0,(1000+ Reviews),Fabric ,Black ,Casual ,A Line ,SHEIN Frenchy
4.98,22,0,(500+ Reviews),Knitted Fabric ,Green ,Elegant ,Cami ,SHEIN privé
5,13,0,(1000+ Reviews),Fabric ,Multicolor ,Boho ,Bodycon ,SHEIN privé
5,15,0,(1000+ Reviews),Fabric ,Dark Grey ,Elegant ,Tank ,SHEIN BAE
4.92,36,0,(1000+ Reviews),Fabric ,Blue ,Party ,Cami ,SHEIN Belle
4.96,17,0,(100+ Reviews),Fabric ,Khaki ,Sexy ,Cami ,Aliling
4.93,28,0,(1000+ Reviews),Fabric ,Green ,Boho ,A Line ,Rusttydustty
5,9,0,(1000+ Reviews),Fabric ,Multicolor ,Boho ,Tank ,SHEIN Clasi
4.95,18,0,(1000+ Reviews),Woven Fabric ,Blue ,Casual ,A Line ,SHEIN VCAY
4.94,12.5,17,(1000+ Reviews),Knitted Fabric ,Blue ,Casual ,Fitted ,SHEIN Clasi
4.95,34.2,10,(1000+ Reviews),Fabric ,Coffee Brown ,Elegant ,Cami ,PARTHEA
4.98,16,0,(1000+ Reviews),Knitted Fabric ,Lilac Purple ,Casual ,A Line ,SHEIN VCAY
5,12,20,(1000+ Reviews),Fabric ,Dark Green ,Elegant ,Tank ,SHEIN BAE
4.95,29,0,(1000+ Reviews),Woven Fabric ,Black ,Boho ,Cami ,SHEIN Tall
5,15,0,(1000+ Reviews),Fabric ,Redwood ,Elegant ,Tank ,SHEIN BAE
4.95,18.7,15,(1000+ Reviews),Fabric ,Red and White ,Elegant ,A Line ,SHEIN LONESS
4.93,19.2,20,(1000+ Reviews),Fabric ,Green ,Sexy ,Cami ,SHEIN VCAY
4.95,33.3,10,(1000+ Reviews),Fabric ,Green ,Party ,Cami ,PARTHEA
5,13,0,(1000+ Reviews),Fabric ,Khaki ,Casual ,Tunic- Fitted ,SHEIN LUNE
5,40,0,(1000+ Reviews),Lace ,Navy Blue ,Elegant ,A Line ,MIUSOL
4.95,53,0,(1000+ Reviews),Lace ,Maroon ,Party ,A Line ,MIUSOL
4.94,5,50,(1000+ Reviews),Woven Fabric ,Red ,Cute ,Smock ,SHEIN Clasi
4.91,8,0,(1000+ Reviews),Knitted Fabric ,Green ,Sexy ,Bodycon ,SHEIN Slayr
5,7.2,20,(1000+ Reviews),Fabric ,Burgundy ,Casual ,Smock ,SHEIN LUNE
5,14,18,(1000+ Reviews),Knitted Fabric ,Multicolor ,Casual ,Fitted ,SHEIN BAE
4.94,9.5,27,(500+ Reviews),Knitted Fabric ,Dusty Blue ,Sexy ,Bodycon ,SHEIN BAE
4.92,14,0,(1000+ Reviews),Knitted Fabric ,Blue ,Elegant ,Bodycon ,SHEIN Clasi
4.9,14.99,0,(1000+ Reviews),Fabric ,Purple ,Elegant ,Cami ,MOTF
5,15,0,(1000+ Reviews),Knitted Fabric ,Navy Blue ,Sexy ,Bodycon ,SHEIN PETITE
5,10,0,(10 Reviews),Knitted Fabric ,Multicolor ,Casual ,Bodycon ,SHEIN Clasi
4.9,16,0,(40 Reviews),Fabric ,Black ,Sexy ,Fitted ,SHEIN ICON
4.86,12.6,40,(500+ Reviews),Woven Fabric ,White ,Casual ,Tank ,SHEIN Clasi
5,13,0,(11 Reviews),Knitted Fabric ,Multicolor ,Casual ,Cami ,SHEIN Qutie
4.82,23,0,(100+ Reviews),Woven Fabric ,Apricot ,Elegant ,A Line ,SHEIN Clasi
4.8,13,0,(30 Reviews),Knitted Fabric ,Red ,Casual ,Cami ,SHEIN EZwear
5,24,0,(11 Reviews),Polyester ,Black and White ,Elegant ,Bodycon ,SHEIN privé
4.91,11,0,(1000+ Reviews),Knitted Fabric ,Grey ,Elegant- Sexy ,Bodycon ,SHEIN PETITE
5,30,0,(7 Reviews),Polyester ,Beige ,Casual ,Pinafore ,Dazy
4.92,9.5,27,(1000+ Reviews),Woven Fabric ,Green ,Boho ,A Line ,SHEIN VCAY
4.82,23,0,(100+ Reviews),Fabric ,Black ,Boho ,A Line ,SHEIN Mulvari
4.95,16,0,(1000+ Reviews),Woven Fabric ,Green ,Boho ,A Line ,SHEIN WYWH
5,14,0,(1000+ Reviews),Fabric ,Red ,Boho ,Cami ,SHEIN privé
5,20.4,15,(1000+ Reviews),Fabric ,Burnt Orange ,Sexy ,Bodycon ,PARTHEA
4.94,16,20,(100+ Reviews),Fabric ,Coffee Brown ,Casual ,Tank ,SHEIN Slayr
5,27,0,(1000+ Reviews),Fabric ,Blue ,Elegant ,A Line ,SHEIN Modely
5,8.8,20,(1000+ Reviews),Fabric ,Black ,Elegant ,Bodycon ,SHEIN Frenchy
5,18,0,(10 Reviews),Knitted Fabric ,Apricot ,Sexy ,Cami ,SHEIN BAE
5,10,0,(8 Reviews),Knitted Fabric ,Multicolor ,Sexy ,Cami ,SHEIN privé
4.88,24,0,(94 Reviews),Knitted Fabric ,Brown ,Casual ,Smock ,SHEIN LUNE
4.99,20,0,(100+ Reviews),Knitted Fabric ,Yellow ,Elegant ,Bodycon- Fitted ,SHEIN Lady
5,22,0,(8 Reviews),Fabric ,Orange ,Boho ,A Line- Cami ,SHEIN LONESS
4.94,50,0,(500+ Reviews),Chiffon ,Multicolor ,Boho ,A Line ,Giffniseti
5,15.3,15,(25 Reviews),Polyester ,Beige ,Casual ,Tee ,GZCHUANGXI
5,28,0,(61 Reviews),Knitted Fabric ,White ,Party- Sexy ,Bodycon ,SHEIN BAE
5,7.5,17,(11 Reviews),Knitted Fabric ,White ,Sexy ,Cami ,SHEIN privé
4.9,15,0,(500+ Reviews),Woven Fabric ,Apricot ,Boho ,Smock ,EMERY ROSE
5,15,0,(8 Reviews),Knitted Fabric ,Burgundy ,Elegant ,Bodycon- Fitted ,SHEIN Lady
5,29.99,0,(9 Reviews),Woven Fabric ,Multicolor ,Elegant ,A Line ,MOTF
4.95,23,0,(500+ Reviews),Fabric ,Gold ,Party ,Bodycon ,SHEIN BAE
4.89,16,0,(1000+ Reviews),Fabric ,White ,Boho ,Cami ,SHEIN VCAY
5,30,0,(1000+ Reviews),Fabric ,Dusty Pink ,Party ,Bodycon ,Joyfunear
5,10,0,(9 Reviews),Polyester ,White ,Sexy ,Cami ,Dazy
4.97,14,0,(1000+ Reviews),Knitted Fabric ,Beige ,Sexy ,Bodycon ,SHEIN BAE
4.92,20,0,(1000+ Reviews),Knitted Fabric ,Dusty Blue ,Elegant ,Bodycon ,SHEIN BAE
5,18,0,(1000+ Reviews),Fabric ,Navy Blue ,Elegant ,Bodycon ,SHEIN Slayr
5,30,0,(15 Reviews),Polyester ,White ,Sexy ,Bodycon ,QYE
5,12,0,(1000+ Reviews),Fabric ,Lime Green ,Casual ,Tee- Tunic ,SHEIN LUNE
5,12,0,(100+ Reviews),Knitted Fabric ,Red and White ,Casual ,Fitted ,SHEIN Clasi
4.94,27,0,(16 Reviews),Woven Fabric ,Multicolor ,Boho ,A Line ,SHEIN VCAY
4.81,24,0,(100+ Reviews),Woven Fabric ,Black ,Casual ,Tunic ,SHEIN privé
4.91,20,0,(100+ Reviews),Fabric ,Red ,Elegant ,Shirt- Bodycon ,SHEIN Lady
4.89,24,0,(100+ Reviews),Knitted Fabric ,Khaki ,Elegant ,Bodycon ,SHEIN privé
5,59.99,0,(9 Reviews),Woven Fabric ,Multicolor ,Boho- Elegant ,A Line ,MOTF
4.98,44,20,(1000+ Reviews),Fabric ,Red ,Party ,Bodycon ,ADYCE
4.91,10.4,20,(100+ Reviews),Knitted Fabric ,Black ,Elegant ,Bodycon ,SHEIN Clasi
5,18,0,(1000+ Reviews),Fabric ,Black ,Boho ,A Line ,SHEIN VCAY
4.9,15,0,(1000+ Reviews),Chiffon ,White ,Casual ,Tunic ,SHEIN VCAY
5,6.4,20,(1000+ Reviews),Fabric ,Red ,Casual ,Tunic ,SHEIN LUNE
4.96,7.65,15,(1000+ Reviews),Fabric ,Multicolor ,Boho ,Cami ,SHEIN VCAY
5,12,20,(1000+ Reviews),Fabric ,Multicolor ,Elegant ,A Line ,SHEIN LUNE
5,17,0,(1000+ Reviews),Fabric ,Brown ,Casual ,Tunic ,SHEIN LONESS
5,37,0,(12 Reviews),Polyester ,Blue ,Boho ,A Line ,Dazy
5,15,0,(1000+ Reviews),Mesh Fabric ,Royal Blue ,Sexy ,Bodycon ,SHEIN PETITE
4.91,6.4,20,(1000+ Reviews),Woven Fabric ,Green ,Casual ,Fitted ,SHEIN PETITE
4.99,14,0,(100+ Reviews),Mesh Fabric ,Multicolor ,Sexy ,Bodycon ,SHEIN Haute
5,6.75,16,(1000+ Reviews),Fabric ,Black ,Casual ,Cami ,SHEIN Essnce
5,10.4,20,(1000+ Reviews),Fabric ,Black ,Party ,Bodycon ,SHEIN MOD
5,14,0,(1000+ Reviews),Knitted Fabric ,Pink ,Casual ,A Line ,SHEIN MOD
5,27,0,(1000+ Reviews),Woven Fabric ,Purple ,Casual ,A Line ,SHEIN MOD
4.9,8,0,(1000+ Reviews),Fabric ,Multicolor ,Elegant ,Bodycon ,SHEIN Clasi
4.93,21,0,(1000+ Reviews),Woven Fabric ,Mint Green ,Casual ,A Line ,SHEIN privé
5,23,0,(7 Reviews),Knitted Fabric ,Black ,Sexy ,Bodycon ,SHEIN Belle
4.92,16,0,(60 Reviews),Knitted Fabric ,Gold ,Casual ,Bodycon ,SHEIN Clasi
4.91,15,0,(1000+ Reviews),Fabric ,Coffee ,Casual ,Bodycon ,SHEIN privé
4.87,14.45,15,(100+ Reviews),Woven Fabric ,Coral Orange ,Boho ,A Line ,SHEIN Frenchy
5,10.2,15,(7 Reviews),Woven Fabric ,Green ,Boho ,A Line ,SHEIN VCAY
4.92,23,0,(1000+ Reviews),Fabric ,Orange ,Casual ,A Line ,Sawesy
4.96,37,0,(100+ Reviews),Knitted Fabric ,White ,Elegant ,Bodycon ,AOMEI
4.91,14.4,20,(1000+ Reviews),Fabric ,Burgundy ,Boho ,A Line ,SHEIN LUNE
4.58,24,0,(12 Reviews),Polyester ,Pink ,Party- Sexy ,Bodycon ,APPERLOTH A
4.97,7.5,25,(500+ Reviews),Woven Fabric ,Purple ,Casual ,Tunic ,SHEIN LUNE
5,18,0,(7 Reviews),Woven Fabric ,Blue and White ,Casual ,A Line ,SHEIN Mulvari
4.92,14,0,(1000+ Reviews),Fabric ,Dusty Pink ,Sexy ,Bodycon ,SHEIN Belle
4.95,12,40,(21 Reviews),Knitted Fabric ,White ,Elegant ,Fitted ,SHEIN Frenchy
5,4.5,50,(1000+ Reviews),Fabric ,Yellow ,Casual ,Cami ,SHEIN LUNE
4.92,27,0,(52 Reviews),Fabric ,White ,Casual ,A Line ,PARTHEA
4.93,25,0,(30 Reviews),Knitted Fabric ,Red ,Elegant ,Bodycon ,SHEIN privé
4.92,19,0,(100+ Reviews),Fabric ,Multicolor ,Casual ,Smock ,EMERY ROSE
4.97,21,0,(1000+ Reviews),Knitwear ,Light Grey ,Casual ,Cami ,Dazy
4.9,14,0,(1000+ Reviews),Fabric ,Multicolor ,Boho ,A Line ,SHEIN LUNE
5,13,28,(1000+ Reviews),Fabric ,Yellow ,Boho ,A Line ,SHEIN VCAY
5,22,0,(41 Reviews),Knitted Fabric ,Red ,Party ,Bodycon ,SHEIN privé
4.75,22,0,(12 Reviews),Polyester ,Black ,Elegant ,Bodycon ,Dazy
4.96,16,20,(57 Reviews),Rib knit ,Black ,Casual ,Bodycon ,SHEIN Essnce
5,17,0,(1000+ Reviews),Fabric ,Burgundy ,Casual ,Tank ,SHEIN LONESS
5,7.2,40,(8 Reviews),Knitted Fabric ,Black ,Sexy ,Bodycon ,SHEIN ICON
5,24,0,(9 Reviews),Woven Fabric ,Multicolor ,Boho- Elegant ,Shirt ,SHEIN LONESS
4.95,6,40,(1000+ Reviews),Fabric ,Navy Blue ,Boho ,Tunic ,SHEIN VCAY
4.87,18,0,(1000+ Reviews),Fabric ,Black ,Casual ,A Line ,SHEIN PETITE
4.95,16,0,(100+ Reviews),Fabric ,Blue and White ,Casual ,A Line ,SHEIN LUNE
4.89,8,0,(100+ Reviews),Knitted Fabric ,Silver ,Party ,Bodycon ,SHEIN BAE
4.86,49.99,0,(44 Reviews),Woven Fabric ,Multicolor ,Elegant ,A Line ,MOTF
5,37,0,(8 Reviews),Woven Fabric ,Black ,Elegant ,A Line ,SHEIN Modely
4.93,49,0,(1000+ Reviews),Fabric ,Black ,Party ,Bodycon ,BEAUKEY
4.89,19.55,15,(100+ Reviews),Lace ,Red ,Elegant ,A Line- Fit and Flare ,SHEIN Lady
4.84,19,0,(100+ Reviews),Woven Fabric ,Hot Pink ,Casual ,Cami ,SHEIN VCAY
4.93,26,0,(100+ Reviews),Sequins ,Dark Green ,Party ,A Line ,Joyfunear
4.93,75,0,(100+ Reviews),Mesh Fabric ,Black ,Sexy ,Bodycon ,BEAUKEY
4.83,11.05,15,(100+ Reviews),Knitted Fabric ,Black ,Casual ,Tank ,ROMWE
4.78,17.85,15,(500+ Reviews),Fabric ,White ,Cute ,Smock ,EMERY ROSE
4.86,11,0,(86 Reviews),Woven Fabric ,Multicolor ,Casual ,Tunic ,EMERY ROSE
5,8.5,50,(11 Reviews),Knitted Fabric ,Black ,Sexy ,Tank ,SHEIN ICON
4.99,10.2,15,(1000+ Reviews),Knitted Fabric ,Black and White ,Casual ,Tank ,SHEIN EZwear
4.96,16,0,(1000+ Reviews),Knitted Fabric ,Blue ,Elegant ,Bodycon ,SHEIN privé
5,18.7,15,(1000+ Reviews),Fabric ,Baby Pink ,Cute ,Smock ,SHEIN privé
4.96,18,0,(1000+ Reviews),Fabric ,Multicolor ,Casual ,A Line ,SHEIN Mulvari
5,7,0,(1000+ Reviews),Fabric ,Coral Pink ,Boho ,Cami ,SHEIN ICON
4.94,19.55,15,(1000+ Reviews),Fabric ,Multicolor ,Boho ,A Line ,SHEIN VCAY
5,15.5,18,(1000+ Reviews),Woven Fabric ,White ,Casual ,Cami ,SHEIN MOD
5,25,0,(6 Reviews),Woven Fabric ,Pink ,Elegant ,A Line ,Dazy
5,22,0,(5 Reviews),Woven Fabric ,Multicolor ,Boho ,A Line- Smock ,SHEIN LONESS
4.96,37,0,(1000+ Reviews),Fabric ,Baby Blue ,Elegant ,Bodycon ,MUXXN
5,11,27,(7 Reviews),Woven Fabric ,White ,Boho ,Cami ,SHEIN VCAY
5,25,0,(1000+ Reviews),Fabric ,Multicolor ,Elegant ,Shirt ,SHEIN Mulvari
4.89,6,0,(18 Reviews),Knitted Fabric ,White ,Sexy ,Tank ,SHEIN Slayr
4.94,39.1,15,(100+ Reviews),Mesh Fabric ,Multicolor ,Party ,A Line ,Missord
5,20,0,(1000+ Reviews),Woven Fabric ,Royal Blue ,Boho ,A Line ,SHEIN VCAY
4.94,9,0,(100+ Reviews),Knitted Fabric ,Green ,Sexy- Casual ,Cami ,SHEIN Slayr
5,13,0,(7 Reviews),Woven Fabric ,Blue and White ,Boho- Casual ,A Line ,SHEIN VCAY
5,16,0,(7 Reviews),Polyester ,Multicolor ,Boho ,A Line ,EMERY ROSE
4.94,26,0,(1000+ Reviews),Fabric ,Purple ,Elegant ,A Line ,SHEIN Modely
5,34,15,(6 Reviews),Polyester ,Red ,Party- Sexy ,Bodycon ,APPERLOTH A
5,8.5,50,(6 Reviews),Mesh Fabric ,Black ,Elegant ,A Line ,SHEIN privé
5,11,0,(49 Reviews),Knitted Fabric ,Black ,Party ,Bodycon ,SHEIN Haute
5,10,0,(7 Reviews),Knitted Fabric ,Black ,Casual ,Bodycon ,SHEIN Slayr
5,10,0,(7 Reviews),Knitted Fabric ,Multicolor ,Boho ,A Line ,SHEIN WYWH
4.81,10,0,(1000+ Reviews),Fabric ,Navy Blue ,Casual ,Cami ,SHEIN LUNE
5,14,0,(1000+ Reviews),Fabric ,Green ,Casual ,Fitted ,SHEIN LONESS
5,29,0,(6 Reviews),Woven Fabric ,Olive Green ,Boho- Sexy ,Cami ,SHEIN VCAY
5,12,0,(1000+ Reviews),Fabric ,Dark Green ,Casual ,Tee ,SHEIN LONESS
4.85,10,0,(1000+ Reviews),Fabric ,Black ,Elegant ,Tunic ,EMERY ROSE
4.93,14.45,15,(15 Reviews),Knitted Fabric ,Black and White ,Elegant ,Bodycon ,SHEIN Lady
4.9,20,0,(100+ Reviews),Woven Fabric ,Navy Blue ,Elegant ,A Line ,SHEIN Frenchy
5,29,0,(6 Reviews),Woven Fabric ,Black ,Casual ,A Line ,SHEIN Lady
4.96,30,0,(1000+ Reviews),Fabric ,Multicolor ,Party ,Bodycon ,SHEIN BAE
5,16,0,(8 Reviews),Knitted Fabric ,Multicolor ,Elegant- Casual ,Bodycon ,SHEIN Lady
5,32,0,(7 Reviews),Woven Fabric ,Black ,Elegant ,A Line ,SHEIN Modely
5,24,0,(9 Reviews),Knitted Fabric ,Black ,Elegant ,A Line ,SHEIN Frenchy
4.93,12.8,20,(100+ Reviews),Knitted Fabric ,Orange ,Sexy ,Fitted ,SHEIN VCAY
5,16,0,(8 Reviews),Knitted Fabric ,Black ,Sexy ,A Line ,SHEIN MOD
5,12,50,(6 Reviews),Polyester ,Multicolor ,Casual ,A Line ,SHEIN MOD
5,23,0,(7 Reviews),Woven Fabric ,Multicolor ,Boho ,A Line ,SHEIN VCAY
5,7,50,(7 Reviews),Knitted Fabric ,Red ,Party- Sexy ,Bodycon ,SHEIN Haute
4.88,25.5,15,(1000+ Reviews),Mesh Fabric ,Purple ,Party ,Bodycon ,PARTHEA
5,10,0,(6 Reviews),Knitted Fabric ,Black ,Elegant ,Fitted ,SHEIN Lady
4.94,11,0,(1000+ Reviews),Knitted Fabric ,Army Green ,Sexy ,Tank- Bodycon ,SHEIN privé
4.81,18,0,(500+ Reviews),Fabric ,Brown ,Casual ,Cami ,SHEIN VCAY
5,20,0,(7 Reviews),Woven Fabric ,Multicolor ,Casual ,Cami ,SHEIN VCAY
4.89,10.5,25,(100+ Reviews),Knitted Fabric ,Black ,Sexy ,Bodycon ,SHEIN VCAY
4.89,14.4,20,(100+ Reviews),Fabric ,White ,Sexy ,Cami ,SHEIN Unity
5,24,0,(51 Reviews),Woven Fabric ,White ,Elegant ,A Line ,SHEIN privé
4.86,14,0,(500+ Reviews),Knitted Fabric ,Blue ,Sexy ,Cami ,SHEIN ICON
5,19,0,(6 Reviews),Woven Fabric ,Multicolor ,Boho- Elegant ,A Line ,Dazy
4.87,12,0,(100+ Reviews),Rib knit ,Apricot ,Casual ,A Line ,SHEIN Frenchy
4.89,18,0,(500+ Reviews),Woven Fabric ,Blue ,Boho ,A Line- Fit and Flare ,SHEIN MOD
5,21,0,(7 Reviews),Knitted Fabric ,Royal Blue ,Party- Sexy ,Cami ,SHEIN BAE
4.93,49,0,(1000+ Reviews),Fabric ,White ,Party ,Cami ,BEAUKEY
4.86,34.99,0,(21 Reviews),Fabric ,Multicolor ,Elegant ,Bodycon ,MOTF
4.91,20,0,(1000+ Reviews),Fabric ,Green ,Sexy ,Cami ,SHEIN VCAY
4.94,6.5,50,(500+ Reviews),Woven Fabric ,Red ,Boho ,A Line ,SHEIN VCAY
4.89,26.35,15,(100+ Reviews),Fabric ,Navy Blue ,Elegant ,Fitted ,HOMEYEE
4.9,33,0,(100+ Reviews),Lace ,Black ,Elegant ,Fitted ,SHEIN Haute
4.87,15,0,(1000+ Reviews),Fabric ,Coffee Brown ,Sexy ,Bodycon ,SHEIN Essnce
5,19,0,(7 Reviews),Woven Fabric ,White ,Sexy ,A Line ,Dazy
5,19,0,(1000+ Reviews),Fabric ,Red ,Elegant ,Fitted ,SHEIN LONESS
5,14.39,10,(6 Reviews),Woven Fabric ,Yellow ,Elegant ,Tank- Fitted ,MISSGUIDED
4.95,23,0,(500+ Reviews),Woven Fabric ,White ,Sexy ,Shirt ,SHEIN Haute
4.86,17,0,(100+ Reviews),Knitted Fabric ,Burgundy ,Casual ,Pinafore ,SHEIN LUNE
5,15.2,20,(1000+ Reviews),Fabric ,Green ,Casual ,A Line ,SHEIN VCAY
4.95,19,0,(500+ Reviews),Knitted Fabric ,Blue and White ,Elegant ,Cami ,SHEIN MOD
5,6,14,(1000+ Reviews),Woven Fabric ,Royal Blue ,Casual ,Cami ,SHEIN privé
4.98,15.3,15,(100+ Reviews),Knitted Fabric ,Multicolor ,Sexy ,Bodycon ,SHEIN BAE
5,23.2,20,(1000+ Reviews),Woven Fabric ,Dark Green ,Casual ,Shirt ,SHEIN LUNE
5,15.2,20,(1000+ Reviews),Fabric ,Multicolor ,Boho ,Cami ,SHEIN VCAY
4.95,18,0,(500+ Reviews),Fabric ,Black ,Casual ,Tank ,DYDAWN
5,22,0,(1000+ Reviews),Woven Fabric ,Baby Blue ,Casual ,Cami ,SHEIN MOD
4.95,14,0,(1000+ Reviews),Woven Fabric ,Blue ,Casual ,Tank ,EMERY ROSE
4.94,17,0,(100+ Reviews),Knitted Fabric ,Black ,Casual ,Bodycon ,SHEIN PETITE
5,8.5,15,(1000+ Reviews),Fabric ,Baby Blue ,Party ,Bodycon ,SHEIN BAE
5,13,0,(1000+ Reviews),Knitted Fabric ,Black ,Casual ,Tank ,SHEIN EZwear
5,30,0,(22 Reviews),Fabric ,Black ,Party- Sexy ,Bodycon ,YMyimei
4.92,15,0,(12 Reviews),Knitted Fabric ,White ,Elegant ,A Line ,SHEIN Clasi
4.9,27,0,(1000+ Reviews),Fabric ,Apricot ,Elegant ,A Line ,SHEIN privé
5,21,0,(6 Reviews),Knitted Fabric ,White ,Elegant ,Bodycon ,SHEIN Aloruh
4.96,14,0,(500+ Reviews),Knitted Fabric ,Multicolor ,Casual ,Tank ,SHEIN Essnce
4.97,13.2,40,(100+ Reviews),Knitted Fabric ,Purple ,Sexy ,Bodycon ,SHEIN BAE
4.95,21,0,(1000+ Reviews),Knitted Fabric ,Mint Green ,Sexy ,A Line- Fitted ,SHEIN BAE
4.91,10,0,(500+ Reviews),Fabric ,Royal Blue ,Casual ,Tank ,SHEIN LUNE
5,8,0,(13 Reviews),Knitted Fabric ,Grey ,Sexy ,Cami ,SHEIN PETITE
4.91,30.6,15,(1000+ Reviews),Fabric ,Baby Blue ,Party ,Bodycon ,ADYCE
5,13,0,(1000+ Reviews),Knitted Fabric ,Multicolor ,Sexy ,Cami ,SHEIN privé
5,23,0,(1000+ Reviews),Fabric ,Navy Blue ,Boho ,A Line ,SHEIN VCAY
5,30,0,(7 Reviews),Woven Fabric ,White ,Elegant ,A Line ,SHEIN MOD
4.89,39,0,(500+ Reviews),Fabric ,Baby Pink ,Party ,Fitted ,Barlahlsen
4.96,13.2,40,(24 Reviews),Woven Fabric ,Yellow ,Boho ,A Line ,SHEIN LONESS
4.92,20,0,(100+ Reviews),Woven Fabric ,Multicolor ,Boho ,A Line ,SHEIN LUNE
4.97,16,0,(1000+ Reviews),Fabric ,Blue ,Elegant ,Bodycon ,SHEIN Essnce
4.91,16,0,(100+ Reviews),Fabric ,Multicolor ,Boho ,Cami ,SHEIN WYWH
5,37,0,(5 Reviews),Knitted Fabric ,Pink ,Party ,Bodycon ,SHEIN Modely
4.92,61,0,(500+ Reviews),Fabric ,Black ,Party ,Bodycon ,BEAUKEY
4.96,12,0,(500+ Reviews),Mesh Fabric ,Baby Blue ,Sexy ,Cami ,SHEIN privé
4.98,6,50,(1000+ Reviews),Knitted Fabric ,Brown ,Sexy ,Tank ,SHEIN ICON
4.94,17,0,(500+ Reviews),Knitted Fabric ,Khaki ,Party ,Cami ,SHEIN BAE
5,11,0,(6 Reviews),Knitted Fabric ,Multicolor ,Sexy ,Cami ,SHEIN privé
4.93,24,0,(100+ Reviews),Woven Fabric ,Yellow ,Boho ,Cami ,SHEIN VCAY
5,6.8,15,(6 Reviews),Woven Fabric ,Multicolor ,Boho ,A Line ,SHEIN Unity
4.61,23,0,(92 Reviews),Woven Fabric ,Black ,Elegant- Sexy ,Bodycon ,SHEIN BAE
5,17,50,(5 Reviews),Woven Fabric ,Pink ,Party- Elegant ,A Line ,SHEIN Mulvari
4.67,25,0,(6 Reviews),Woven Fabric ,Army Green ,Sexy ,Bodycon ,SHEIN BAE
4.93,19,0,(1000+ Reviews),Woven Fabric ,Blue ,Casual ,A Line ,SHEIN VCAY
4.96,16,20,(52 Reviews),Fabric ,White ,Sexy ,Bodycon ,SHEIN ICON
5,8,0,(7 Reviews),Knitted Fabric ,Multicolor ,Sexy- Casual ,Cami ,SHEIN EZwear
5,17,0,(5 Reviews),Woven Fabric ,Multicolor ,Boho ,A Line ,SHEIN VCAY
4.91,13.6,20,(100+ Reviews),Woven Fabric ,Multicolor ,Boho ,A Line ,SHEIN Frenchy
4.91,22,0,(22 Reviews),Woven Fabric ,Multicolor ,Casual ,Shirt ,SHEIN Lady
5,20,0,(6 Reviews),Knitted Fabric ,Multicolor ,Elegant- Sexy ,A Line- Fitted ,SHEIN MOD
4.85,29.7,10,(20 Reviews),Knitted Fabric ,Navy Blue ,Elegant ,A Line ,HOMEYEE
4.89,25,0,(19 Reviews),Fabric ,Black ,Elegant ,A Line ,Dazy
4.93,8,0,(1000+ Reviews),Fabric ,Grey ,Sexy ,Cami ,SHEIN BAE
5,11.69,10,(5 Reviews),Knitted Fabric ,Black ,Elegant- Sexy ,Bodycon ,MISSGUIDED
5,24,0,(6 Reviews),Knitted Fabric ,Hot Pink ,Elegant ,A Line ,SHEIN privé
5,21,0,(4 Reviews),Polyester ,Green ,Boho ,Shirt ,Dazy
5,18,0,(15 Reviews),Polyester ,Burgundy ,Sexy- Casual ,Tank- Bodycon- Cami ,SHEIN Slayr
4.92,16,0,(1000+ Reviews),Woven Fabric ,Multicolor ,Boho- Casual ,A Line ,SHEIN VCAY
5,13,0,(5 Reviews),Woven Fabric ,Multicolor ,Boho- Casual ,Fitted ,SHEIN LUNE
5,10,0,(7 Reviews),Polyester ,Green ,Casual ,Tee- Fitted ,SHEIN Frenchy
4.95,20,0,(100+ Reviews),Woven Fabric ,Royal Blue ,Sexy ,Cami ,SHEIN BAE
5,17,0,(5 Reviews),Fabric ,White ,Casual ,Cami ,SHEIN VCAY
4.89,22.1,15,(1000+ Reviews),Flannelette ,Black ,Party ,Bodycon ,PARTHEA
5,25,0,(1000+ Reviews),Fabric ,Multicolor ,Elegant ,Shirt ,SHEIN Mulvari
5,30,0,(5 Reviews),Fabric ,Pink ,Party ,Bodycon ,SHEIN BAE
5,15.75,28,(6 Reviews),Woven Fabric ,Multicolor ,Boho ,A Line ,SHEIN LONESS
5,31,0,(5 Reviews),Woven Fabric ,Multicolor ,Elegant ,A Line ,SHEIN Modely
5,19,0,(18 Reviews),Knitted Fabric ,Black ,Sexy ,Cami ,SHEIN PETITE
5,21,0,(1000+ Reviews),Fabric ,Mint Blue ,Casual ,Cami ,SHEIN VCAY
4.8,12,40,(30 Reviews),Woven Fabric ,Dusty Blue ,Casual ,A Line ,SHEIN MOD
5,18,0,(12 Reviews),Knitted Fabric ,Multicolor ,Elegant ,Bodycon ,SHEIN Lady
4.92,20.4,15,(63 Reviews),Chiffon ,White ,Casual ,A Line ,PARTHEA
5,10,0,(1000+ Reviews),Mesh Fabric ,Redwood ,Sexy ,Cami ,SHEIN BAE
5,22,0,(1000+ Reviews),Sequins ,Black ,Party ,Bodycon ,Joyfunear
5,9.35,15,(1000+ Reviews),Knitted Fabric ,Red ,Casual ,Bodycon ,SHEIN EZwear
4.96,10,17,(1000+ Reviews),Knitted Fabric ,Apricot ,Sexy ,Cami ,SHEIN privé
4.96,32,0,(1000+ Reviews),Fabric ,Multicolor ,Boho ,A Line ,SHEIN VCAY
5,7.2,20,(1000+ Reviews),Fabric ,Olive Green ,Casual ,Cami ,SHEIN PETITE
4.9,17.6,20,(1000+ Reviews),Fabric ,Blue and White ,Boho ,A Line ,SHEIN VCAY
5,23,0,(1000+ Reviews),Fabric ,Black ,Boho ,A Line ,Dazy
4.94,15,0,(500+ Reviews),Knitted Fabric ,Yellow ,Sexy ,Cami ,SHEIN VCAY
5,20,0,(1000+ Reviews),Fabric ,Purple ,Casual ,A Line ,SHEIN Mulvari
5,13.6,20,(1000+ Reviews),Fabric ,Red ,Elegant ,Bodycon ,SHEIN Slayr
4.91,16,0,(1000+ Reviews),Fabric ,Multicolor ,Casual ,A Line ,SHEIN VCAY
4.93,25,0,(1000+ Reviews),PU Leather ,Black ,Elegant ,Shirt ,SHEIN privé
4.94,15,0,(1000+ Reviews),Woven Fabric ,Mint Green ,Casual ,Fitted ,SHEIN Frenchy
5,8,20,(1000+ Reviews),Fabric ,Black ,Casual ,Cami ,SHEIN ICON
4.95,13.6,15,(500+ Reviews),Woven Fabric ,Multicolor ,Boho ,A Line ,SHEIN VCAY
5,9,0,(1000+ Reviews),Fabric ,Royal Blue ,Sexy ,Cami ,SHEIN Essnce
5,7.2,20,(1000+ Reviews),Fabric ,Blue ,Casual ,Cami ,SHEIN Essnce
5,10.4,20,(1000+ Reviews),Satin ,Champagne ,Elegant ,Cami ,SHEIN PETITE
5,23,0,(1000+ Reviews),Fabric ,Red ,Casual ,A Line ,SHEIN VCAY
5,21.6,20,(1000+ Reviews),Fabric ,White ,Boho ,Cami ,SHEIN VCAY
4.96,15,0,(100+ Reviews),Woven Fabric ,Apricot ,Casual ,Tunic ,SHEIN Essnce
4.83,11.9,15,(1000+ Reviews),Fabric ,Green ,Boho ,Fitted ,SHEIN VCAY
4.8,10,0,(5 Reviews),Polyester ,Multicolor ,Casual ,Tee ,SHEIN LUNE
4.94,19.55,15,(500+ Reviews),Fabric ,Hot Pink ,Elegant ,Bodycon ,PARTHEA
4.89,20,0,(100+ Reviews),Fabric ,White ,Elegant ,Cami ,SHEIN privé
5,22,0,(4 Reviews),Woven Fabric ,Multicolor ,Boho ,A Line ,SHEIN VCAY
4.83,14,0,(6 Reviews),Polyester ,White ,Casual ,Bodycon ,SHEIN VCAY
5,26,0,(100+ Reviews),Knitted Fabric ,Apricot ,Elegant ,Fitted ,SHEIN Slayr
4.91,19,0,(100+ Reviews),Flannelette ,Dark Green ,Party- Sexy ,Bodycon ,SHEIN ICON
4.86,24.65,15,(500+ Reviews),Mesh Fabric ,Baby Pink ,Sexy ,Cami ,PARTHEA
5,27,0,(4 Reviews),Fabric ,Red ,Elegant ,A Line ,SHEIN Modely
4.88,19,0,(93 Reviews),Woven Fabric ,Pink ,Casual ,Tunic ,SHEIN LUNE
4.83,30,0,(500+ Reviews),Fabric ,Green ,Casual ,Tunic ,Dazy
4.84,15.3,15,(500+ Reviews),Mesh Fabric ,Red ,Casual ,A Line ,SHEIN BAE
4.79,19,0,(14 Reviews),Woven Fabric ,White ,Elegant ,A Line- Fit and Flare ,SHEIN Frenchy
4.84,15,0,(500+ Reviews),Knitted Fabric ,Yellow ,Elegant ,Tank ,SHEIN Clasi
4.84,22,0,(51 Reviews),Knitted Fabric ,White ,Casual ,Fitted ,SHEIN LUNE
5,21,0,(6 Reviews),Woven Fabric ,Multicolor ,Boho ,A Line ,SHEIN Frenchy
4.88,34.85,15,(49 Reviews),Fabric ,Black ,Party ,Bodycon ,Zoctuo
5,39,0,(4 Reviews),Polyester ,Blue ,Party ,A Line ,Simplee
5,14,0,(4 Reviews),Polyester ,Blue ,Casual ,Tunic ,EMERY ROSE
5,25,0,(7 Reviews),Polyester ,Black and White ,Casual ,A Line- Shirt ,Friful
5,19,0,(5 Reviews),Chiffon ,White ,Boho- Casual ,Cami ,SHEIN Frenchy
4.93,13,0,(500+ Reviews),Knitted Fabric ,Grey ,Elegant ,Cami ,SHEIN MOD
5,20,0,(10 Reviews),Woven Fabric ,Multicolor ,Casual ,A Line ,SHEIN privé
4.8,20.9,5,(84 Reviews),Mesh Fabric ,Black ,Sexy ,Fitted ,XLLAIS
4.79,17,0,(100+ Reviews),Fabric ,Multicolor ,Boho ,Smock ,SHEIN LUNE
4.84,19,0,(500+ Reviews),Fabric ,Yellow ,Boho ,Cami ,SHEIN VCAY
4.83,25,0,(500+ Reviews),Woven Fabric ,Green ,Boho ,Cami ,SHEIN VCAY
4.89,21,0,(19 Reviews),Fabric ,Hot Pink ,Boho ,Shirt ,SHEIN LONESS
4.93,19,0,(100+ Reviews),Fabric ,Black ,Casual ,Cami ,ROMWE
5,26,0,(1000+ Reviews),Satin ,Coffee Brown ,Elegant ,Cami ,PARTHEA
4.96,17,0,(100+ Reviews),Mesh Fabric ,Green ,Casual ,Bodycon ,SHEIN privé
5,8,0,(5 Reviews),Knitted Fabric ,Multicolor ,Sexy- Casual ,Tank ,SHEIN ICON
4.96,12,0,(1000+ Reviews),Polyester ,Multicolor ,Boho ,A Line ,SHEIN Frenchy
5,17,0,(4 Reviews),Woven Fabric ,White ,Casual ,A Line ,EMERY ROSE
4.87,20,0,(100+ Reviews),Woven Fabric ,White ,Sexy ,Cami ,SHEIN VCAY
4.89,17,0,(100+ Reviews),Woven Fabric ,Pink ,Elegant ,Fitted ,SHEIN Modely
5,23,0,(7 Reviews),Sequins ,Pink ,Party- Sexy ,Bodycon ,SHEIN ICON
4.9,51,0,(500+ Reviews),Fabric ,White ,Party ,Bodycon ,BEAUKEY
5,14,18,(7 Reviews),Fabric ,Green ,Sexy ,Bodycon ,SHEIN Slayr
5,18,0,(1000+ Reviews),Fabric ,Hot Pink ,Casual ,Cami ,SHEIN LUNE
4.92,11,0,(1000+ Reviews),Woven Fabric ,Mint Green ,Casual- Cute ,Smock ,SHEIN LUNE
5,11,0,(4 Reviews),Knitted Fabric ,Army Green ,Casual ,Tee ,SHEIN Frenchy
4.89,14,0,(100+ Reviews),Fabric ,Multicolor ,Casual ,Tee ,SHEIN LUNE
5,14.45,15,(1000+ Reviews),Fabric ,Black ,Elegant ,Fit and Flare ,SHEIN privé
4.81,24,0,(100+ Reviews),Satin ,Red ,Party ,Fitted ,SHEIN Modely
5,19,0,(9 Reviews),Knitted Fabric ,Multicolor ,Casual ,A Line ,SHEIN Slayr
4.95,24,0,(500+ Reviews),Woven Fabric ,Green ,Boho ,A Line ,SHEIN VCAY
4.94,25,0,(100+ Reviews),Knitted Fabric ,Hot Pink ,Boho ,Bodycon ,SHEIN VCAY
4.89,22,0,(27 Reviews),Woven Fabric ,Purple ,Elegant ,A Line ,SHEIN Modely
5,24,0,(4 Reviews),Woven Fabric ,Khaki ,Casual ,A Line ,SHEIN LONESS
4.83,21,0,(100+ Reviews),Woven Fabric ,Navy Blue ,Elegant ,Fitted ,SHEIN EastFlair
5,26,0,(5 Reviews),Knitted Fabric ,Blue ,Party- Elegant ,Bodycon- Fitted ,SHEIN Modely
5,25,0,(5 Reviews),Woven Fabric ,Pink ,Elegant ,A Line ,SHEIN Modely
4.96,29,0,(100+ Reviews),Sequins ,Black ,Party ,Bodycon ,APPERLOTH A
5,10,0,(9 Reviews),Fabric ,Navy Blue ,Sexy- Casual ,Bodycon ,SHEIN LUNE
4.2,13.75,28,(5 Reviews),Woven Fabric ,Multicolor ,Casual ,A Line ,SHEIN LONESS
5,9,0,(9 Reviews),Knitted Fabric ,Purple ,Elegant- Sexy ,Cami ,SHEIN Essnce
4.8,30,0,(100+ Reviews),Sequins ,White ,Party ,Bodycon ,YMyimei
5,9,0,(4 Reviews),Knitted Fabric ,Multicolor ,Boho ,Bodycon- Fitted ,SHEIN WYWH
5,18,0,(1000+ Reviews),Woven Fabric ,Baby Blue ,Casual ,Cami ,SHEIN MOD
4.92,20,0,(1000+ Reviews),Knitted Fabric ,Dusty Pink ,Elegant ,Tank- Bodycon ,SHEIN BAE
5,13.25,17,(1000+ Reviews),Mesh Fabric ,Black ,Sexy ,Bodycon ,SHEIN ICON
5,8,0,(1000+ Reviews),Knitted Fabric ,Dusty Pink ,Elegant ,Tank ,SHEIN EZwear
5,11.5,18,(1000+ Reviews),Fabric ,Black ,Casual ,Bodycon ,SHEIN EZwear
5,10.75,17,(1000+ Reviews),Fabric ,Multicolor ,Boho ,Cami ,SHEIN WYWH
5,7.5,17,(1000+ Reviews),Fabric ,Mint Blue ,Casual ,Cami ,SHEIN Essnce
5,7.5,17,(1000+ Reviews),Knitted Fabric ,Black and White ,Casual ,Tee ,SHEIN Tall
4.96,16.5,18,(1000+ Reviews),Woven Fabric ,Blue and White ,Elegant ,Fit and Flare ,SHEIN MOD
5,14,0,(1000+ Reviews),Metallic ,Apricot ,Party ,Cami ,SHEIN Belle
4.98,23,0,(1000+ Reviews),Sequins ,Black ,Party ,Bodycon ,Joyfunear
4.92,14,0,(1000+ Reviews),Fabric ,Multicolor ,Boho ,A Line ,SHEIN PETITE
5,16.8,20,(1000+ Reviews),Chiffon ,Black ,Boho ,A Line ,SHEIN Modely
4.95,20.4,15,(500+ Reviews),Knitted Fabric ,Black ,Casual ,A Line ,SHEIN Essnce
4.88,7.2,20,(1000+ Reviews),Fabric ,Multicolor ,Boho ,Tunic ,EMERY ROSE
5,9,0,(1000+ Reviews),Fabric ,Baby Blue ,Casual ,Tank ,SHEIN Essnce
4.89,19.55,15,(500+ Reviews),Fabric ,Apricot ,Elegant ,Tunic ,SHEIN Clasi
5,10,17,(1000+ Reviews),Fabric ,Black ,Casual ,Tank ,SHEIN PETITE
4.96,25,0,(1000+ Reviews),Fabric ,Brown ,Elegant ,Fitted ,VIBECORE
5,10.4,20,(1000+ Reviews),Fabric ,Multicolor ,Boho ,Bodycon ,SHEIN Frenchy
5,10,0,(1000+ Reviews),Fabric ,Multicolor ,Casual ,Cami ,SHEIN Coolane
4.95,20,0,(1000+ Reviews),Knitted Fabric ,Brown ,Casual ,Shirt ,SHEIN MOD
5,8.58,22,(1000+ Reviews),Fabric ,Black and White ,Casual ,Tee ,SHEIN LUNE
4.92,21,0,(1000+ Reviews),Woven Fabric ,Red ,Sexy ,Fit and Flare ,SHEIN MOD
5,13,0,(1000+ Reviews),Fabric ,Redwood ,Elegant ,Tank ,SHEIN BAE
4.9,17.85,15,(1000+ Reviews),Woven Fabric ,Hot Pink ,Elegant- Casual ,Shirt ,SHEIN privé
5,17.85,15,(1000+ Reviews),Fabric ,Black ,Casual ,A Line ,SHEIN VCAY
4.96,11.2,20,(1000+ Reviews),Knitted Fabric ,Orange ,Casual ,Cami ,SHEIN EZwear
5,13.6,20,(1000+ Reviews),Fabric ,Brown ,Elegant ,Bodycon ,SHEIN privé
5,10,0,(1000+ Reviews),Fabric ,Navy Blue ,Casual ,Bodycon ,SHEIN MOOSTA
4.93,16,20,(1000+ Reviews),Fabric ,White ,Sexy ,Bodycon ,SHEIN PETITE
4.97,14.75,18,(1000+ Reviews),Knitted Fabric ,Green ,Elegant ,Bodycon ,SHEIN BAE
5,30,0,(1000+ Reviews),Woven Fabric ,Pink ,Elegant ,A Line ,SHEIN MOD
4.98,9.25,16,(500+ Reviews),Knitted Fabric ,Brown ,Sexy ,Cami ,SHEIN EZwear
4.95,13.25,17,(1000+ Reviews),Woven Fabric ,Navy Blue ,Elegant ,Fitted ,SHEIN privé
5,10.2,15,(1000+ Reviews),Fabric ,Apricot ,Casual ,Tee ,SHEIN LUNE
4.95,17,0,(1000+ Reviews),Woven Fabric ,Multicolor ,Boho ,Fitted ,SHEIN VCAY
5,7,0,(1000+ Reviews),Fabric ,Black ,Boho ,Cami ,SHEIN VCAY
5,9,0,(1000+ Reviews),Fabric ,Multicolor ,Boho ,Cami ,SHEIN WYWH
5,13,0,(1000+ Reviews),Fabric ,Blue and White ,Boho ,A Line ,SHEIN Frenchy
4.95,14.4,20,(1000+ Reviews),Woven Fabric ,Multicolor ,Casual ,A Line ,SHEIN VCAY
4.96,15.3,10,(1000+ Reviews),Knitted Fabric ,Grey ,Casual ,Cami ,SHEIN LUNE
5,13,0,(1000+ Reviews),Fabric ,Black ,Elegant ,Cami ,SHEIN BAE
5,4.8,20,(1000+ Reviews),Fabric ,Purple ,Casual ,Cami ,SHEIN VCAY
5,12.5,17,(1000+ Reviews),Fabric ,Brown ,Boho ,Cami ,SHEIN VCAY
4.94,22,0,(100+ Reviews),Woven Fabric ,Blue ,Casual ,Cami ,SHEIN MOD
5,10,0,(1000+ Reviews),Fabric ,Multicolor ,Boho ,Smock ,EMERY ROSE
4.93,24,0,(500+ Reviews),Fabric ,Red ,Sexy ,Cami ,fuleiya
4.94,15.2,20,(1000+ Reviews),Fabric ,Red ,Sexy ,Cami ,SHEIN VCAY
5,8,0,(1000+ Reviews),Fabric ,Yellow ,Casual ,Bodycon ,SHEIN BAE
4.94,12.75,15,(100+ Reviews),Woven Fabric ,Multicolor ,Cute ,Smock ,SHEIN VCAY
5,28,0,(1000+ Reviews),Fabric ,Navy Blue ,Party ,Cami ,Joyfunear
5,23,0,(1000+ Reviews),Fabric ,Baby Blue ,Boho ,Cami ,SHEIN VCAY
4.88,18,0,(500+ Reviews),Knitted Fabric ,Multicolor ,Elegant ,Bodycon ,SHEIN Clasi
4.96,25,0,(500+ Reviews),Knitted Fabric ,Black ,Elegant ,A Line ,SHEIN MOD
5,14,0,(1000+ Reviews),Fabric ,Mocha Brown ,Casual ,Tunic ,SHEIN Mulvari
5,7.5,17,(1000+ Reviews),Knitted Fabric ,Black ,Casual ,Tank ,SHEIN privé
4.81,10,0,(1000+ Reviews),Fabric ,Black and White ,Casual ,Cami ,SHEIN LUNE
4.94,32,0,(1000+ Reviews),Fabric ,Mint Green ,Elegant ,Bodycon ,HOMEYEE
4.93,51,0,(100+ Reviews),Chiffon ,Black ,Elegant ,A Line ,FAERIESTY
4.93,13.8,40,(100+ Reviews),Woven Fabric ,Rust Brown ,Casual ,Pinafore- Cami ,SHEIN MOD
5,20,0,(4 Reviews),Woven Fabric ,Red ,Casual ,A Line ,SHEIN privé
5,20,0,(4 Reviews),Knitted Fabric ,White ,Sexy ,A Line ,SHEIN VCAY
5,22,0,(4 Reviews),Woven Fabric ,Watermelon Pink ,Elegant ,A Line ,SHEIN LONESS
4.72,42,0,(43 Reviews),Fabric ,Multicolor ,Boho ,A Line ,DODC
5,8,50,(4 Reviews),Knitted Fabric ,Army Green ,Casual ,Cami ,SHEIN LUNE
5,25,0,(3 Reviews),Woven Fabric ,Burnt Orange ,Boho ,A Line ,SHEIN privé
5,14,0,(3 Reviews),Polyester ,White ,Boho ,A Line- Tank ,EMERY ROSE
5,21,0,(1000+ Reviews),Fabric ,Navy Blue ,Casual ,Shirt ,SHEIN LUNE
5,24,0,(3 Reviews),Polyester ,Blue ,Boho ,Cami ,DODC
4.94,21,0,(500+ Reviews),Fabric ,Multicolor ,Elegant ,Bodycon ,SHEIN Lady
5,21,0,(4 Reviews),Woven Fabric ,Pink ,Elegant ,A Line ,SHEIN privé
5,17,0,(4 Reviews),Knitted Fabric ,Multicolor ,Boho ,A Line- Tank ,EMERY ROSE
5,11.5,28,(6 Reviews),Polyester ,Black ,Elegant ,Fitted ,SHEIN Clasi
4.84,15,0,(500+ Reviews),Knitted Fabric ,Hot Pink ,Casual ,Bodycon ,SHEIN privé
5,7.5,50,(4 Reviews),Knitted Fabric ,Blue ,Casual ,Tee ,SHEIN LUNE
5,19,0,(6 Reviews),Woven Fabric ,Black ,Elegant ,Fitted ,SHEIN EastFlair
4.92,22,0,(100+ Reviews),Knitted Fabric ,Black ,Elegant ,Fitted ,ROMWE
4.87,8,0,(100+ Reviews),Woven Fabric ,Black ,Casual ,Tee ,SHEIN LUNE
4.93,14,0,(500+ Reviews),Knitted Fabric ,Dark Green ,Elegant- Casual ,Cami ,SHEIN MOD
5,22,0,(3 Reviews),Knitted Fabric ,Black and White ,Elegant ,Fitted ,SHEIN Modely
5,8,0,(4 Reviews),Polyester ,Black ,Sexy ,Cami ,SHEIN ICON
4.95,10,0,(100+ Reviews),Woven Fabric ,White ,Elegant ,Tunic ,SHEIN privé
4.94,25,0,(500+ Reviews),Fabric ,Black ,Elegant ,Bodycon ,PARTHEA
4.93,10,0,(500+ Reviews),Woven Fabric ,Multicolor ,Boho ,A Line- Tunic ,SHEIN VCAY
4.91,32.3,15,(1000+ Reviews),Fabric ,Blue ,Party ,Bodycon ,ADYCE
5,21,0,(4 Reviews),Woven Fabric ,Orange ,Boho ,A Line ,SHEIN VCAY
5,17,0,(3 Reviews),Knitted Fabric ,Multicolor ,Sexy ,Tank ,SHEIN BAE
5,26,0,(4 Reviews),Woven Fabric ,Multicolor ,Boho ,A Line ,SHEIN Frenchy
4.4,22,0,(5 Reviews),Woven Fabric ,Black and White ,Elegant ,A Line- Shirt ,SHEIN Maija
5,16,0,(1000+ Reviews),Woven Fabric ,Teal Blue ,Elegant ,Cami ,SHEIN BAE
5,15.5,50,(6 Reviews),Sequins ,Pink ,Party ,Cami ,SHEIN Haute
5,5,50,(1000+ Reviews),Woven Fabric ,Multicolor ,Boho ,Cami ,SHEIN VCAY
5,11,0,(3 Reviews),Fabric ,Black ,Casual ,Tee ,SHEIN LUNE
4.96,28,0,(1000+ Reviews),Fabric ,Burnt Orange ,Casual ,Cami ,Joyfunear
5,21,0,(6 Reviews),Knitted Fabric ,Yellow ,Elegant ,Bodycon ,SHEIN Lady
4.96,14.4,20,(1000+ Reviews),Fabric ,Apricot ,Sexy ,Bodycon ,SHEIN privé
5,13,0,(4 Reviews),Woven Fabric ,Black ,Casual ,Tank ,SHEIN VCAY
4.96,28,0,(100+ Reviews),Fabric ,Multicolor ,Sexy ,Cami ,Barlahlsen
5,20,0,(6 Reviews),Mesh Fabric ,Black ,Sexy ,A Line ,Dazy
5,14.4,40,(11 Reviews),Fabric ,Black ,Sexy ,Fitted ,SHEIN privé
5,17,0,(1000+ Reviews),Mesh Fabric ,Teal Blue ,Sexy ,Bodycon ,SHEIN ICON
5,24,0,(4 Reviews),Fabric ,Green ,Boho ,A Line ,SHEIN Mulvari
5,11.7,70,(3 Reviews),Woven Fabric ,Multicolor ,Boho ,A Line ,SHEIN X
5,12,0,(3 Reviews),Knitted Fabric ,Black ,Party- Sexy ,Bodycon ,SHEIN ICON
5,13,0,(5 Reviews),Knitted Fabric ,Multicolor ,Elegant- Casual ,Tank- Bodycon ,SHEIN Tall
4.88,25.5,15,(1000+ Reviews),Mesh Fabric ,Baby Blue ,Party ,Bodycon ,PARTHEA
5,35,0,(3 Reviews),Woven Fabric ,White ,Boho- Elegant ,A Line ,SHEIN Mulvari
4.94,20,0,(18 Reviews),Woven Fabric ,Green ,Casual ,Smock ,SHEIN Unity
5,12.6,40,(11 Reviews),Fabric ,White ,Casual ,Tunic ,SHEIN Frenchy
5,12.25,28,(3 Reviews),Woven Fabric ,White ,Casual ,A Line ,SHEIN VCAY
5,9.5,50,(3 Reviews),Woven Fabric ,White ,Boho ,Cami ,SHEIN Frenchy
5,21,0,(3 Reviews),Woven Fabric ,White ,Boho ,Smock ,SHEIN VCAY
5,22,0,(3 Reviews),Polyester ,White ,Cute ,Smock ,SHEIN Essnce
4.92,15,0,(500+ Reviews),Woven Fabric ,Rust Brown ,Boho- Casual ,A Line- Cami ,SHEIN LUNE
5,21,0,(4 Reviews),Woven Fabric ,Blue and White ,Boho ,A Line ,SHEIN VCAY
5,8.49,15,(3 Reviews),Knitted Fabric ,Black and White ,Casual ,Cami ,MISSGUIDED
4.92,19,0,(1000+ Reviews),Fabric ,Green ,Boho ,A Line ,SHEIN VCAY
5,27.2,15,(3 Reviews),Fabric ,White ,Elegant ,A Line- Fitted ,Eilly Bazar
4.88,10.5,50,(500+ Reviews),Woven Fabric ,Multicolor ,Boho ,A Line ,SHEIN VCAY
5,17,0,(36 Reviews),Woven Fabric ,Red ,Elegant ,Fitted ,SHEIN EastFlair
4.97,41,0,(100+ Reviews),Fabric ,Royal Blue ,Elegant ,Bodycon ,ADYCE
4.89,26,0,(500+ Reviews),Fabric ,Multicolor ,Boho ,Cami ,LUUKSE
4.96,13.8,40,(26 Reviews),Fabric ,Multicolor ,Boho ,A Line ,SHEIN VCAY
5,12.75,15,(3 Reviews),Knitted Fabric ,Black ,Casual ,Tank ,SHEIN Frenchy
4.9,18,0,(500+ Reviews),Fabric ,Black ,Casual ,A Line ,SHEIN VCAY
4.98,10,17,(1000+ Reviews),Knitted Fabric ,Multicolor ,Casual ,Tank ,SHEIN ICON
4.98,12.8,20,(1000+ Reviews),Knitted Fabric ,Black ,Casual ,Bodycon ,SHEIN EZwear
5,21,0,(1000+ Reviews),Woven Fabric ,Blue ,Elegant ,Cami ,SHEIN MOD
4.96,20,0,(1000+ Reviews),Mesh Fabric ,Black ,Sexy ,Bodycon ,SHEIN Aloruh
4.95,23,0,(1000+ Reviews),Metallic ,Navy Blue ,Elegant ,Fitted ,SHEIN Modely
4.94,12,20,(1000+ Reviews),Knitted Fabric ,Coffee Brown ,Casual ,Cami ,SHEIN EZwear
4.95,16,0,(100+ Reviews),Woven Fabric ,Red ,Casual ,A Line ,SHEIN Unity
4.87,13.6,20,(500+ Reviews),Knitted Fabric ,Grey ,Elegant ,Cami ,SHEIN privé
