,Rating,Final Price,Discount,Number of Reviews,Material,Color,Brand
0,5.0,7.0,0.0,1000-9999,Fabric ,Lilac Purple ,SHEIN ICON
1,5.0,12.8,20.0,1000-9999,Fabric ,Black ,SHEIN Belle
2,5.0,16.8,20.0,1000-9999,Fabric ,Black ,SHEIN BAE
3,5.0,14.45,15.0,1000-9999,Knitted Fabric ,Blue ,SHEIN privé
4,5.0,8.8,20.0,1000-9999,Woven Fabric ,Khaki ,SHEIN Frenchy
5,5.0,18.0,0.0,1000-9999,Mesh Fabric ,Apricot ,SHEIN privé
6,4.97,11.05,15.0,1000-9999,Knitted Fabric ,Black ,SHEIN EZwear
7,4.99,20.4,15.0,500-999,Fabric ,Black ,SHEIN Frenchy
8,5.0,6.4,20.0,1000-9999,Knitted Fabric ,Coffee Brown ,SHEIN PETITE
9,5.0,9.0,0.0,1000-9999,Fabric ,Multicolor ,SHEIN Unity
10,5.0,10.25,27.0,1000-9999,Fabric ,Brown ,SHEIN Essnce
11,5.0,14.0,0.0,1000-9999,Fabric ,Black ,SHEIN Essnce
12,4.94,8.8,20.0,1000-9999,Woven Fabric ,Green ,SHEIN LUNE
13,5.0,13.0,0.0,1000-9999,Knitted Fabric ,Chocolate Brown ,SHEIN EZwear
14,5.0,20.0,20.0,1000-9999,Knitted Fabric ,Royal Blue ,SHEIN privé
15,5.0,9.25,16.0,500-999,Fabric ,Hot Pink ,SHEIN Slayr
16,4.98,13.6,15.0,100-499,Knitted Fabric ,Multicolor ,SHEIN privé
17,4.98,13.6,15.0,100-499,Knitted Fabric ,Black ,SHEIN LUNE
18,4.97,8.0,20.0,500-999,Rib knit ,Black ,SHEIN BAE
19,4.95,23.0,0.0,500-999,Knitted Fabric ,White ,SHEIN MOD
20,5.0,11.0,0.0,1000-9999,Knitted Fabric ,Dark Green ,SHEIN privé
21,4.97,8.0,0.0,1000-9999,Knitted Fabric ,Dusty Blue ,SHEIN EZwear
22,5.0,17.0,0.0,1000-9999,Knitted Fabric ,Royal Blue ,SHEIN Belle
23,5.0,4.8,20.0,1000-9999,Fabric ,Black and White ,SHEIN Essnce
24,5.0,20.0,0.0,1000-9999,Fabric ,Purple ,SHEIN VCAY
25,4.96,9.25,16.0,1000-9999,Fabric ,Army Green ,SHEIN LUNE
26,5.0,7.5,17.0,1000-9999,Knitted Fabric ,Black and White ,SHEIN EZwear
27,5.0,8.0,20.0,1000-9999,Fabric ,Multicolor ,SHEIN privé
28,4.99,13.25,17.0,100-499,Knitted Fabric ,Multicolor ,SHEIN privé
29,5.0,11.2,20.0,1000-9999,Fabric ,Hot Pink ,SHEIN BAE
30,5.0,7.0,0.0,1000-9999,Fabric ,Coffee Brown ,SHEIN privé
31,4.95,12.0,20.0,1000-9999,Satin ,Black ,SHEIN PETITE
32,4.95,32.0,20.0,1000-9999,Fabric ,Multicolor ,SHEIN Belle
33,4.98,6.0,0.0,1000-9999,Fabric ,Black and White ,SHEIN EZwear
34,4.94,18.0,10.0,1000-9999,Fabric ,Black ,OYYN
35,5.0,9.0,0.0,1000-9999,Fabric ,Red Violet ,SHEIN Clasi
36,4.95,20.4,15.0,100-499,Knitted Fabric ,Multicolor ,SHEIN MOD
37,4.92,6.75,16.0,1000-9999,Fabric ,Multicolor ,SHEIN WYWH
38,4.98,8.0,20.0,500-999,Knitted Fabric ,Green ,SHEIN PETITE
39,5.0,16.0,0.0,1000-9999,Fabric ,Multicolor ,SHEIN Modely
40,4.95,21.0,0.0,1000-9999,Fabric ,Green ,Sawesy
41,4.89,7.2,20.0,1000-9999,Woven Fabric ,Multicolor ,SHEIN LUNE
42,4.96,8.0,20.0,1000-9999,Woven Fabric ,Black ,SHEIN privé
43,4.98,18.7,15.0,500-999,Knitted Fabric ,Hot Pink ,SHEIN privé
44,4.96,19.0,0.0,100-499,Knitted Fabric ,Red ,SHEIN MOD
45,5.0,12.0,0.0,1000-9999,Fabric ,Dark Green ,SHEIN Clasi
46,5.0,21.0,0.0,1000-9999,Fabric ,Burgundy ,SHEIN Modely
47,5.0,18.7,15.0,1000-9999,Fabric ,Cadet Blue ,SHEIN VCAY
48,4.98,8.0,0.0,1000-9999,Fabric ,Multicolor ,SHEIN Clasi
49,4.97,14.0,0.0,100-499,Knitted Fabric ,Blue ,SHEIN Frenchy
50,4.99,40.0,0.0,100-499,Sequins ,Dark Green ,Joyfunear
51,4.95,16.0,20.0,1000-9999,Knitted Fabric ,Black ,SHEIN BAE
52,4.96,12.75,15.0,1000-9999,Knitted Fabric ,Black ,SHEIN Unity
53,4.97,12.0,20.0,1000-9999,Fabric ,White ,SHEIN privé
54,4.95,21.0,0.0,1000-9999,Fabric ,Army Green ,SHEIN MOOSTA
55,4.98,15.0,0.0,100-499,Polyester ,Black ,SHEIN privé
56,4.96,13.0,0.0,1000-9999,Knitted Fabric ,Dusty Pink ,SHEIN MOD
57,4.94,12.8,20.0,500-999,Woven Fabric ,Multicolor ,SHEIN VCAY
58,5.0,6.8,15.0,1000-9999,Fabric ,Black ,SHEIN privé
59,4.93,22.0,0.0,1000-9999,Fabric ,Navy Blue ,SHEIN VCAY
60,5.0,15.3,15.0,1000-9999,Fabric ,Lilac Purple ,SHEIN VCAY
61,4.97,17.6,20.0,1000-9999,Woven Fabric ,Burgundy ,SHEIN VCAY
62,4.95,20.0,20.0,1000-9999,Woven Fabric ,Royal Blue ,SHEIN VCAY
63,5.0,15.3,15.0,1000-9999,Fabric ,Lime Green ,SHEIN privé
64,5.0,14.0,18.0,1000-9999,Fabric ,Baby Pink ,SHEIN Mulvari
65,5.0,7.0,0.0,1000-9999,Fabric ,Grey ,SHEIN EZwear
66,4.97,18.4,20.0,500-999,Knitted Fabric ,Black ,SHEIN BAE
67,5.0,21.0,0.0,1000-9999,Fabric ,Burgundy ,SHEIN Frenchy
68,4.93,17.1,10.0,100-499,Knitted Fabric ,White ,SHEIN BAE
69,4.95,13.0,0.0,100-499,Fabric ,Green ,VIBECORE
70,4.97,10.0,0.0,1000-9999,Knitted Fabric ,Army Green ,SHEIN EZwear
71,4.98,14.0,18.0,100-499,Knitted Fabric ,Green ,SHEIN privé
72,4.97,19.55,15.0,500-999,Woven Fabric ,Royal Blue ,SHEIN privé
73,4.95,13.6,15.0,100-499,Knitted Fabric ,Brown ,SHEIN BAE
74,4.96,13.6,20.0,500-999,Knitted Fabric ,Black ,SHEIN PETITE
75,4.95,5.1,15.0,1000-9999,Fabric ,Multicolor ,SHEIN EZwear
76,5.0,14.4,20.0,1000-9999,Fabric ,Burgundy ,SHEIN privé
77,5.0,19.0,0.0,1000-9999,Woven Fabric ,Orange ,SHEIN privé
78,4.98,11.9,15.0,100-499,Knitted Fabric ,Multicolor ,SHEIN MOD
79,5.0,8.0,0.0,1000-9999,Knitted Fabric ,Violet Purple ,SHEIN Essnce
80,5.0,19.0,0.0,1000-9999,Fabric ,Multicolor ,SHEIN Mulvari
81,5.0,11.9,15.0,0-99,Polyester ,Multicolor ,SHEIN Aloruh
82,5.0,15.0,0.0,1000-9999,Knitted Fabric ,Mustard Yellow ,SHEIN privé
83,4.98,12.0,20.0,100-499,Fabric ,Multicolor ,SHEIN Aloruh
84,4.97,15.0,0.0,1000-9999,Knitted Fabric ,Khaki ,SHEIN BAE
85,5.0,12.0,0.0,1000-9999,Fabric ,Dark Grey ,SHEIN PETITE
86,4.97,19.0,0.0,100-499,Fabric ,Navy Blue ,SHEIN EZwear
87,4.96,14.0,0.0,1000-9999,Knitted Fabric ,Light Grey ,SHEIN PETITE
88,5.0,13.0,0.0,1000-9999,Fabric ,Khaki ,SHEIN WYWH
89,4.95,19.0,0.0,100-499,Fabric ,Black ,SHEIN ICON
90,4.92,31.0,0.0,1000-9999,Fabric ,Purple ,SHEIN Mulvari
91,5.0,12.0,0.0,1000-9999,Knitted Fabric ,Hot Pink ,SHEIN Essnce
92,4.98,10.0,0.0,0-99,Flocking ,Black ,SHEIN EZwear
93,4.97,26.0,0.0,1000-9999,Fabric ,Dark Green ,Aliling
94,4.96,21.6,10.0,1000-9999,Fabric ,Mint Green ,YATHON
95,4.97,15.2,20.0,100-499,Woven Fabric ,Multicolor ,SHEIN LUNE
96,4.98,18.7,15.0,500-999,Fabric ,Multicolor ,SHEIN VCAY
97,5.0,5.25,25.0,100-499,Knitted Fabric ,Black ,SHEIN BAE
98,5.0,29.0,0.0,0-99,Fabric ,Green ,SHEIN Modely
99,4.93,17.0,15.0,1000-9999,Knitted Fabric ,Beige ,SHEIN VCAY
100,4.96,23.0,0.0,1000-9999,Fabric ,Dusty Pink ,EMERY ROSE
101,5.0,6.75,16.0,1000-9999,Fabric ,Multicolor ,EMERY ROSE
102,4.97,19.0,0.0,500-999,Woven Fabric ,White ,SHEIN MOD
103,4.95,12.0,0.0,1000-9999,Knitted Fabric ,Pink ,SHEIN privé
104,5.0,23.0,0.0,1000-9999,Fabric ,Blue and White ,SHEIN VCAY
105,4.91,19.0,0.0,500-999,Fabric ,Green ,SHEIN LUNE
106,5.0,17.0,15.0,1000-9999,Fabric ,Green ,SHEIN privé
107,4.95,13.0,0.0,1000-9999,Fabric ,Camel ,SHEIN ICON
108,5.0,11.5,18.0,1000-9999,Fabric ,Black ,SHEIN EZwear
109,4.93,15.0,0.0,1000-9999,Fabric ,Black ,SHEIN Essnce
110,4.93,34.0,0.0,1000-9999,Fabric ,Baby Blue ,SHEIN Modely
111,4.94,27.0,0.0,1000-9999,Woven Fabric ,Black ,SHEIN Frenchy
112,4.87,9.6,20.0,1000-9999,Woven Fabric ,White ,SHEIN WYWH
113,4.98,19.0,0.0,100-499,Chiffon ,Purple ,SHEIN Lady
114,4.93,40.8,20.0,100-499,Knitted Fabric ,White ,SHEIN X
115,4.99,20.0,0.0,100-499,Woven Fabric ,Black ,SHEIN Lady
116,4.97,9.0,0.0,1000-9999,Knitted Fabric ,Dark Green ,SHEIN VCAY
117,5.0,16.15,15.0,1000-9999,Fabric ,Blue ,SHEIN privé
118,4.97,23.0,0.0,100-499,Fabric ,Multicolor ,SHEIN Slayr
119,5.0,15.0,0.0,1000-9999,Woven Fabric ,Black ,SHEIN BAE
120,4.91,18.0,0.0,1000-9999,Fabric ,Black ,SHEIN Mulvari
121,5.0,13.0,0.0,1000-9999,Fabric ,Multicolor ,SHEIN VCAY
122,5.0,17.85,15.0,1000-9999,Fabric ,Green ,SHEIN Frenchy
123,5.0,22.0,0.0,1000-9999,Fabric ,White ,Glamaker
124,4.94,16.0,0.0,1000-9999,Woven Fabric ,Multicolor ,SHEIN VCAY
125,5.0,12.0,0.0,1000-9999,Knitted Fabric ,Chocolate Brown ,SHEIN BAE
126,5.0,10.0,0.0,1000-9999,Fabric ,Navy Blue ,SHEIN LUNE
127,4.95,17.0,0.0,500-999,Knitted Fabric ,Multicolor ,SHEIN MOD
128,4.9,18.0,0.0,1000-9999,Woven Fabric ,Navy Blue ,SHEIN LUNE
129,5.0,7.2,20.0,1000-9999,Fabric ,Olive Green ,SHEIN privé
130,4.97,12.75,15.0,1000-9999,Fabric ,Red ,SHEIN BAE
131,4.92,21.0,0.0,1000-9999,Fabric ,Blue and White ,SHEIN VCAY
132,4.91,21.0,0.0,1000-9999,Fabric ,Mint Green ,SHEIN Mulvari
133,5.0,22.4,20.0,1000-9999,Fabric ,Brown ,SHEIN Modely
134,4.92,7.0,0.0,500-999,Woven Fabric ,Multicolor ,EMERY ROSE
135,4.95,11.0,0.0,0-99,Knitted Fabric ,Multicolor ,SHEIN ICON
136,5.0,11.05,15.0,1000-9999,Fabric ,Blue and White ,SHEIN LONESS
137,5.0,22.4,20.0,1000-9999,Mesh Fabric ,Black ,SHEIN VCAY
138,5.0,28.0,0.0,1000-9999,Fabric ,Navy Blue ,HOMEYEE
139,4.97,25.0,0.0,500-999,Knitted Fabric ,Purple ,SHEIN Lady
140,4.94,15.0,0.0,1000-9999,Fabric ,Royal Blue ,SHEIN EZwear
141,4.94,26.0,0.0,1000-9999,Fabric ,Dark Green ,SHEIN Lady
142,5.0,8.8,20.0,1000-9999,Fabric ,Black ,SHEIN Essnce
143,4.89,20.0,0.0,100-499,Knitted Fabric ,White ,SHEIN MOD
144,4.96,17.0,0.0,100-499,Fabric ,Pink ,Aliling
145,4.94,13.6,20.0,1000-9999,Fabric ,Khaki ,SHEIN VCAY
146,5.0,10.0,17.0,1000-9999,Fabric ,Khaki ,SHEIN Tall
147,4.97,9.0,0.0,500-999,Knitted Fabric ,Multicolor ,SHEIN privé
148,4.97,17.0,0.0,1000-9999,Woven Fabric ,Pink ,SHEIN MOD
149,4.91,7.2,20.0,1000-9999,Fabric ,Red ,SHEIN PETITE
150,5.0,14.0,0.0,1000-9999,Woven Fabric ,Yellow ,SHEIN WYWH
151,4.94,18.0,0.0,1000-9999,Fabric ,Multicolor ,SHEIN LONESS
152,4.85,20.0,0.0,1000-9999,Fabric ,Multicolor ,SHEIN LONESS
153,4.98,7.65,15.0,100-499,Knitted Fabric ,Multicolor ,SHEIN ICON
154,5.0,12.0,0.0,1000-9999,Fabric ,Coffee Brown ,SHEIN Coolane
155,4.94,10.4,20.0,1000-9999,Fabric ,Multicolor ,SHEIN LUNE
156,4.94,21.0,0.0,1000-9999,Woven Fabric ,Khaki ,SHEIN privé
157,5.0,17.85,15.0,1000-9999,Fabric ,Multicolor ,SHEIN VCAY
158,4.98,8.0,0.0,1000-9999,Knitted Fabric ,Coral Pink ,SHEIN PETITE
159,5.0,12.0,0.0,1000-9999,Rib knit ,Baby Blue ,SHEIN Frenchy
160,4.95,34.2,10.0,1000-9999,Fabric ,Baby Blue ,PARTHEA
161,4.9,17.6,20.0,500-999,Woven Fabric ,Khaki ,SHEIN VCAY
162,4.94,15.2,20.0,1000-9999,Woven Fabric ,Blue and White ,SHEIN privé
163,4.91,23.0,0.0,1000-9999,Fabric ,Blue and White ,SHEIN Frenchy
164,4.96,11.0,0.0,1000-9999,Knitted Fabric ,Pink ,SHEIN EZwear
165,4.95,11.5,18.0,1000-9999,Woven Fabric ,Multicolor ,SHEIN Clasi
166,4.93,15.0,0.0,100-499,Fabric ,White ,New Star
167,4.98,8.0,0.0,1000-9999,Knitted Fabric ,Grey ,SHEIN EZwear
168,4.93,23.0,0.0,500-999,Fabric ,Brown ,SHEIN LUNE
169,4.96,14.0,50.0,1000-9999,Woven Fabric ,Red ,SHEIN BAE
170,4.95,42.0,0.0,1000-9999,Fabric ,White ,Joyfunear
171,4.88,21.25,18.0,100-499,Fabric ,Blue ,SHEIN LUNE
172,4.88,12.0,0.0,1000-9999,Woven Fabric ,Hot Pink ,SHEIN EZwear
173,4.95,8.8,20.0,1000-9999,Knitted Fabric ,Black ,SHEIN Clasi
174,4.93,16.0,0.0,500-999,Knitted Fabric ,Baby Pink ,SHEIN MOD
175,5.0,22.0,0.0,1000-9999,Fabric ,Green ,SHEIN Najma
176,4.95,16.8,20.0,100-499,Knitted Fabric ,Army Green ,SHEIN BAE
177,5.0,16.0,20.0,1000-9999,Fabric ,Burgundy ,SHEIN LONESS
178,5.0,12.0,0.0,1000-9999,Fabric ,Baby Pink ,SHEIN Slayr
179,4.97,34.99,0.0,100-499,Woven Fabric ,Teal Blue ,MOTF
180,5.0,9.0,0.0,1000-9999,Knitted Fabric ,Multicolor ,SHEIN EZwear
181,5.0,8.5,15.0,0-99,Knitted Fabric ,Black ,SHEIN EZwear
182,5.0,13.6,15.0,1000-9999,Knitted Fabric ,Mint Green ,SHEIN MOD
183,5.0,22.0,0.0,1000-9999,Mesh Fabric ,Baby Blue ,SHEIN MOD
184,5.0,22.0,0.0,1000-9999,Fabric ,Red ,SHEIN privé
185,4.92,19.0,0.0,1000-9999,Fabric ,Burnt Orange ,SHEIN Mulvari
186,4.96,15.0,0.0,500-999,Mesh Fabric ,Burgundy ,SHEIN ICON
187,4.94,20.0,20.0,1000-9999,Satin ,Red ,SHEIN Belle
188,4.94,14.45,15.0,1000-9999,Knitted Fabric ,Black ,SHEIN privé
189,4.97,21.6,20.0,100-499,Woven Fabric ,Multicolor ,SHEIN X
190,5.0,10.0,0.0,1000-9999,Fabric ,Burgundy ,SHEIN EZwear
191,4.92,11.25,25.0,500-999,Knitted Fabric ,Coffee Brown ,SHEIN privé
192,4.98,8.0,0.0,1000-9999,Knitted Fabric ,Multicolor ,SHEIN EZwear
193,4.96,25.0,0.0,100-499,Knitted Fabric ,Multicolor ,SHEIN Lady
194,4.92,8.5,15.0,1000-9999,Knitted Fabric ,Black ,SHEIN privé
195,4.96,10.0,0.0,1000-9999,Knitted Fabric ,Blue ,SHEIN privé
196,4.96,7.5,17.0,1000-9999,Knitted Fabric ,Hot Pink ,SHEIN BAE
197,4.84,8.0,0.0,1000-9999,Woven Fabric ,Dark Green ,SHEIN Essnce
198,4.95,20.0,0.0,100-499,Fabric ,Green ,SHEIN Slayr
199,5.0,14.0,0.0,0-99,Knitted Fabric ,Multicolor ,SHEIN Essnce
200,4.99,16.0,0.0,100-499,Knitted Fabric ,Hot Pink ,SHEIN Lady
201,4.92,15.0,0.0,1000-9999,Woven Fabric ,Blue ,SHEIN BAE
202,4.96,39.99,0.0,100-499,Linen ,Multicolor ,MOTF
203,5.0,23.4,10.0,1000-9999,Fabric ,Black ,PARTHEA
204,5.0,8.0,0.0,1000-9999,Woven Fabric ,Orange ,SHEIN Clasi
205,5.0,22.0,0.0,0-99,Knitted Fabric ,Apricot ,SHEIN privé
206,5.0,18.0,0.0,0-99,Knitted Fabric ,Mustard Yellow ,SHEIN Clasi
207,4.95,14.0,0.0,0-99,Knitted Fabric ,Black and White ,SHEIN EZwear
208,5.0,20.4,15.0,1000-9999,Fabric ,Green ,SHEIN VCAY
209,4.86,10.75,17.0,0-99,Polyester ,Green ,SHEIN privé
210,4.91,24.0,20.0,100-499,Woven Fabric ,Dark Green ,SHEIN VCAY
211,4.93,25.0,0.0,1000-9999,Knitted Fabric ,Navy Blue ,SHEIN Clasi
212,4.93,30.0,0.0,1000-9999,Fabric ,Multicolor ,Rusttydustty
213,4.95,18.0,0.0,1000-9999,Fabric ,Multicolor ,SHEIN VCAY
214,4.87,14.45,15.0,500-999,Knitted Fabric ,Baby Blue ,SHEIN VCAY
215,4.92,17.0,0.0,1000-9999,Knitted Fabric ,Burgundy ,SHEIN MOD
216,4.95,34.0,0.0,100-499,Mesh Fabric ,Gold ,PORRCEY
217,4.98,12.0,0.0,100-499,Knitted Fabric ,Grey ,SHEIN EZwear
218,4.99,24.0,0.0,100-499,Knitted Fabric ,Black and White ,KPYTOMOA
219,4.93,7.0,0.0,1000-9999,Woven Fabric ,Multicolor ,SHEIN privé
220,4.93,17.0,0.0,1000-9999,Fabric ,Navy Blue ,SHEIN LUNE
221,4.91,16.15,15.0,1000-9999,Woven Fabric ,Mint Green ,SHEIN LUNE
222,4.96,12.0,0.0,1000-9999,Fabric ,Burnt Orange ,SHEIN LUNE
223,4.9,16.8,20.0,100-499,Woven Fabric ,White ,SHEIN Frenchy
224,5.0,20.0,0.0,1000-9999,Woven Fabric ,Blue ,SHEIN MOD
225,5.0,24.0,0.0,1000-9999,Fabric ,Orange ,SHEIN VCAY
226,4.9,7.65,15.0,1000-9999,Knitted Fabric ,Black ,SHEIN LUNE
227,5.0,8.0,0.0,1000-9999,Fabric ,Black ,SHEIN Essnce
228,4.91,19.0,0.0,1000-9999,Fabric ,White ,SHEIN MOD
229,4.97,13.6,20.0,500-999,Knitted Fabric ,Black ,SHEIN privé
230,4.92,30.6,15.0,1000-9999,Fabric ,Silver ,SHEIN Belle
231,5.0,10.4,20.0,1000-9999,Fabric ,Red ,SHEIN LONESS
233,5.0,21.0,0.0,1000-9999,Fabric ,Green ,SHEIN VCAY
234,4.94,15.0,0.0,1000-9999,Knitted Fabric ,Purple ,SHEIN Clasi
235,5.0,27.0,0.0,1000-9999,Mesh Fabric ,Pink ,SHEIN Belle
236,4.93,15.0,0.0,1000-9999,Woven Fabric ,Black ,SHEIN Frenchy
237,4.94,6.8,15.0,500-999,Woven Fabric ,Green ,SHEIN VCAY
238,4.84,16.8,20.0,500-999,Knitted Fabric ,Multicolor ,SHEIN LUNE
239,4.95,29.0,0.0,100-499,Knitted Fabric ,Baby Blue ,SHEIN Aloruh
240,4.95,13.75,28.0,1000-9999,Knitted Fabric ,White ,SHEIN privé
241,4.95,49.0,0.0,1000-9999,Lace ,Navy Blue ,MIUSOL
242,5.0,24.0,0.0,1000-9999,Mesh Fabric ,Baby Blue ,Simplee
243,4.94,19.2,20.0,100-499,Fabric ,Grey ,SHEIN ICON
244,4.97,11.0,0.0,1000-9999,Woven Fabric ,Black ,SHEIN PETITE
245,4.97,25.0,0.0,0-99,Fabric ,White ,SHEIN Aloruh
246,4.87,17.0,0.0,1000-9999,Woven Fabric ,Apricot ,SHEIN LUNE
247,5.0,6.0,0.0,1000-9999,Fabric ,Multicolor ,SHEIN Essnce
248,5.0,13.0,0.0,0-99,Polyester ,Brown ,SHEIN EZwear
249,4.89,22.0,0.0,1000-9999,Linen ,Apricot ,SHEIN EZwear
250,4.98,16.0,0.0,1000-9999,Fabric ,Hot Pink ,SHEIN VCAY
251,4.93,22.0,0.0,1000-9999,Fabric ,Navy Blue ,SHEIN LONESS
252,5.0,12.0,0.0,1000-9999,Fabric ,Mint Green ,SHEIN WYWH
253,4.93,17.0,15.0,1000-9999,Fabric ,Pink ,SHEIN VCAY
254,4.95,13.0,0.0,1000-9999,Fabric ,Multicolor ,SHEIN PETITE
255,4.96,14.0,0.0,1000-9999,Fabric ,Black ,SHEIN BAE
256,4.93,13.6,15.0,100-499,Fabric ,Hot Pink ,SHEIN LONESS
257,4.91,14.45,15.0,100-499,Knitted Fabric ,Multicolor ,SHEIN ICON
258,4.92,21.0,0.0,1000-9999,Woven Fabric ,Blue ,SHEIN VCAY
259,4.98,18.75,25.0,100-499,Fabric ,White ,SHEIN Slayr
260,4.97,17.85,15.0,100-499,Woven Fabric ,White ,SHEIN WYWH
261,4.96,11.0,0.0,1000-9999,Fabric ,Black ,SHEIN EZwear
262,5.0,16.0,0.0,1000-9999,Mesh Fabric ,Baby Blue ,SHEIN ICON
263,4.92,19.0,0.0,1000-9999,Fabric ,Navy Blue ,EMERY ROSE
264,4.96,18.4,20.0,100-499,Knitted Fabric ,Brown ,SHEIN Essnce
265,4.71,20.0,0.0,100-499,Woven Fabric ,White ,SHEIN MOD
266,5.0,10.0,0.0,1000-9999,Knitted Fabric ,Yellow ,SHEIN privé
267,4.87,18.0,0.0,500-999,Woven Fabric ,Blue ,SHEIN LONESS
268,5.0,16.0,0.0,1000-9999,Woven Fabric ,Coffee Brown ,SHEIN MOD
269,4.93,25.0,0.0,1000-9999,Fabric ,Khaki ,SHEIN LONESS
270,4.93,19.2,20.0,1000-9999,Fabric ,Apricot ,SHEIN VCAY
271,4.96,19.0,0.0,1000-9999,Knitted Fabric ,Black ,SHEIN MOD
272,4.96,28.9,15.0,1000-9999,Fabric ,Multicolor ,D&M
273,4.92,24.0,0.0,500-999,Woven Fabric ,White ,SHEINNeu
274,4.94,12.0,20.0,1000-9999,Knitted Fabric ,White ,SHEIN EZwear
275,4.95,28.0,0.0,1000-9999,Fabric ,Burnt Orange ,SHEIN Tall
276,4.93,14.0,0.0,100-499,Knitted Fabric ,Beige ,SHEIN ICON
277,5.0,18.4,20.0,1000-9999,Fabric ,Dark Green ,SHEIN Belle
278,4.91,11.9,15.0,1000-9999,Fabric ,Black ,SHEIN Clasi
279,4.88,24.0,0.0,100-499,Satin ,Apricot ,SHEIN BAE
280,4.95,18.0,0.0,100-499,Knitted Fabric ,Apricot ,SHEIN privé
281,4.86,14.4,20.0,1000-9999,Fabric ,Multicolor ,SHEIN VCAY
282,4.96,28.0,0.0,1000-9999,Fabric ,Black ,Joyfunear
283,4.9,19.0,0.0,1000-9999,Woven Fabric ,Red ,SHEIN MOD
284,4.9,12.0,0.0,1000-9999,Fabric ,Blue and White ,SHEIN WYWH
285,4.97,23.0,0.0,100-499,Woven Fabric ,Red ,SHEIN EastFlair
286,4.96,9.0,0.0,500-999,Knitted Fabric ,White ,SHEIN ICON
287,4.96,7.0,0.0,1000-9999,Fabric ,Multicolor ,EMERY ROSE
288,4.89,11.05,15.0,100-499,Fabric ,Hot Pink ,SHEIN VCAY
289,4.96,19.55,15.0,100-499,Woven Fabric ,Apricot ,SHEIN LONESS
290,5.0,9.0,0.0,1000-9999,Fabric ,Black and White ,SHEIN VCAY
291,4.96,13.0,0.0,1000-9999,Fabric ,Black ,SHEIN privé
292,4.94,21.0,0.0,500-999,Fabric ,Multicolor ,SHEIN Mulvari
293,5.0,12.0,20.0,1000-9999,Fabric ,Burgundy ,SHEIN Tall
294,4.96,22.0,0.0,100-499,Satin ,Green ,Aliling
295,4.91,26.0,0.0,1000-9999,Woven Fabric ,Pink ,SHEIN VCAY
296,4.93,21.0,0.0,1000-9999,Fabric ,Dark Green ,SHEIN Mulvari
297,4.95,18.0,0.0,1000-9999,Woven Fabric ,Mint Green ,SHEIN LUNE
298,5.0,14.0,0.0,1000-9999,Fabric ,Red ,SHEIN privé
299,4.98,9.25,16.0,0-99,Fabric ,Orange ,SHEIN LUNE
300,4.91,41.0,0.0,100-499,Woven Fabric ,Multicolor ,Beautiful Nomad
301,4.92,24.0,0.0,1000-9999,Fabric ,Multicolor ,SHEIN Frenchy
302,4.91,34.99,0.0,100-499,Woven Fabric ,Multicolor ,MOTF
303,4.9,15.0,0.0,0-99,Knitted Fabric ,Green ,SHEIN MOD
304,4.91,16.0,0.0,1000-9999,Fabric ,Multicolor ,SHEIN LONESS
305,5.0,10.0,0.0,1000-9999,Fabric ,Multicolor ,SHEIN WYWH
306,4.87,11.0,0.0,1000-9999,Woven Fabric ,Hot Pink ,SHEIN VCAY
307,4.9,19.0,0.0,100-499,Woven Fabric ,Blue and White ,SHEIN MOD
308,4.9,26.0,0.0,100-499,Knitted Fabric ,Brown ,SHEIN Mulvari
309,4.97,10.0,0.0,500-999,Knitted Fabric ,Multicolor ,SHEIN Tall
310,5.0,24.0,0.0,1000-9999,Fabric ,Red ,SHEIN VCAY
311,4.92,22.0,0.0,1000-9999,Knitted Fabric ,Dusty Blue ,SHEIN MOD
312,4.9,22.0,0.0,1000-9999,Chiffon ,Multicolor ,Glamaker
313,5.0,18.0,0.0,1000-9999,Fabric ,Apricot ,SHEIN Mulvari
314,4.97,11.9,15.0,1000-9999,Knitted Fabric ,Black ,SHEIN privé
315,5.0,16.0,20.0,1000-9999,Fabric ,Maroon ,SHEIN privé
316,4.89,17.0,0.0,1000-9999,Woven Fabric ,Blue ,SHEIN LUNE
317,4.98,23.0,0.0,100-499,Woven Fabric ,Black ,SHEIN MOD
318,4.94,47.0,0.0,100-499,Embroidery ,Pink ,SHEIN Belle
319,4.96,12.8,20.0,0-99,Fabric ,Black ,SHEIN Slayr
320,5.0,7.0,0.0,1000-9999,Fabric ,Coffee Brown ,SHEIN LUNE
321,4.93,28.0,0.0,0-99,Knitted Fabric ,Khaki ,Dazy
322,4.98,16.0,0.0,1000-9999,Knitted Fabric ,Burgundy ,SHEIN Lady
323,4.95,22.0,0.0,100-499,Knitted Fabric ,Dark Green ,SHEIN BAE
324,4.93,9.0,0.0,1000-9999,Fabric ,Hot Pink ,SHEIN ICON
325,4.94,11.0,0.0,1000-9999,Woven Fabric ,Multicolor ,SHEIN WYWH
326,4.9,17.6,20.0,1000-9999,Woven Fabric ,Pink ,SHEIN privé
327,4.92,14.0,0.0,1000-9999,Fabric ,Black and White ,SHEIN Slayr
328,4.92,21.0,0.0,100-499,Fabric ,White ,Aliling
329,4.96,20.0,0.0,100-499,Knitted Fabric ,Multicolor ,SHEIN Lady
330,5.0,8.0,0.0,1000-9999,Fabric ,Dark Grey ,SHEIN Essnce
331,5.0,9.0,0.0,1000-9999,Fabric ,Black ,SHEIN LUNE
332,4.95,15.0,0.0,1000-9999,Mesh Fabric ,Multicolor ,SHEIN Modely
333,4.95,21.0,0.0,100-499,Knitted Fabric ,Green ,SHEIN privé
334,4.87,18.4,20.0,100-499,Woven Fabric ,Multicolor ,SHEIN Frenchy
335,4.9,12.0,0.0,1000-9999,Fabric ,Black and White ,EMERY ROSE
336,5.0,13.0,0.0,1000-9999,Fabric ,Green ,SHEIN LONESS
337,5.0,18.7,15.0,100-499,Knitted Fabric ,Multicolor ,SHEIN Haute
338,5.0,12.0,0.0,0-99,Polyester ,Multicolor ,Dazy
339,4.94,24.0,0.0,500-999,Knitted Fabric ,White ,SHEIN MOD
340,5.0,15.0,0.0,1000-9999,Fabric ,Orange ,SHEIN BAE
341,5.0,6.4,20.0,1000-9999,Fabric ,Black ,SHEIN VCAY
342,4.96,46.0,0.0,1000-9999,Satin ,Navy Blue ,FAERIESTY
343,4.95,6.4,20.0,100-499,Woven Fabric ,Multicolor ,SHEIN VCAY
344,5.0,19.0,0.0,1000-9999,Fabric ,Multicolor ,SHEIN VCAY
345,4.99,16.0,0.0,1000-9999,Flannelette ,Teal Blue ,SHEIN PETITE
346,5.0,9.0,25.0,1000-9999,Fabric ,Red ,SHEIN Belle
347,4.95,14.0,0.0,1000-9999,Fabric ,Navy Blue ,EMERY ROSE
348,4.95,47.0,0.0,1000-9999,Fabric ,Multicolor ,LOVE&LEMONADE
349,4.93,19.0,0.0,100-499,Fabric ,Red ,SHEIN Mulvari
350,4.95,9.6,20.0,1000-9999,Fabric ,Black ,ROMWE
351,4.95,54.99,0.0,0-99,Woven Fabric ,Red ,MOTF
352,5.0,19.0,0.0,1000-9999,Fabric ,Purple ,SHEIN privé
353,4.98,22.1,15.0,500-999,Woven Fabric ,White ,SHEIN VCAY
354,4.93,19.0,0.0,500-999,Knitted Fabric ,Burgundy ,SHEIN BAE
355,4.94,19.0,0.0,100-499,Knitted Fabric ,Mocha Brown ,SHEIN EZwear
356,4.91,29.99,0.0,500-999,Knitted Fabric ,Dusty Pink ,MOTF
357,4.98,28.0,0.0,1000-9999,Satin ,Dusty Pink ,Joyfunear
358,4.89,19.0,0.0,1000-9999,Fabric ,Dark Grey ,Dazy
359,4.96,10.25,27.0,100-499,Mesh Fabric ,Orange ,SHEIN ICON
360,4.88,26.0,0.0,100-499,Fabric ,White ,SHEIN MOD
361,4.89,30.0,0.0,1000-9999,Woven Fabric ,Apricot ,SHEIN LUNE
362,4.94,9.0,0.0,1000-9999,Mesh Fabric ,Red ,SHEIN privé
363,4.94,11.0,50.0,1000-9999,Fabric ,Red ,SHEIN Belle
364,4.91,4.5,50.0,100-499,Fabric ,Red ,SHEIN ICON
365,4.93,11.2,20.0,1000-9999,Fabric ,Black ,SHEIN ICON
366,5.0,21.0,0.0,0-99,Woven Fabric ,Multicolor ,SHEIN VCAY
367,4.95,10.2,15.0,1000-9999,Knitted Fabric ,Multicolor ,EMERY ROSE
368,4.93,6.4,20.0,1000-9999,Woven Fabric ,Blue ,SHEIN Tall
369,4.89,10.0,0.0,0-99,Woven Fabric ,Multicolor ,SHEIN VCAY
370,4.86,25.0,0.0,500-999,Woven Fabric ,Baby Pink ,SHEIN Frenchy
371,5.0,17.0,0.0,0-99,Woven Fabric ,Multicolor ,SHEIN WYWH
372,5.0,9.0,0.0,1000-9999,Knitted Fabric ,Army Green ,SHEIN privé
373,4.87,42.0,0.0,500-999,Chiffon ,Multicolor ,Giffniseti
374,4.96,10.0,0.0,1000-9999,Knitted Fabric ,Navy Blue ,SHEIN privé
375,4.95,15.0,0.0,1000-9999,Fabric ,Black ,SHEIN Mulvari
376,5.0,17.0,0.0,0-99,Woven Fabric ,Multicolor ,SHEIN X
377,4.87,15.0,0.0,100-499,Woven Fabric ,Army Green ,EMERY ROSE
378,5.0,9.0,0.0,1000-9999,Fabric ,Black ,SHEIN BAE
379,4.93,24.0,0.0,100-499,Knitted Fabric ,Green ,SHEIN BAE
380,4.9,9.0,0.0,1000-9999,Fabric ,Pink ,SHEIN ICON
381,4.95,22.0,0.0,1000-9999,Fabric ,Yellow ,SHEIN LONESS
382,4.95,23.0,0.0,100-499,Fabric ,White ,SHEIN VCAY
383,5.0,21.0,0.0,1000-9999,Fabric ,Orange ,SHEIN VCAY
384,5.0,12.0,0.0,0-99,Fabric ,Black ,SHEIN Coolane
385,4.92,23.0,0.0,0-99,Fabric ,Multicolor ,Dazy
386,4.98,27.0,0.0,1000-9999,Satin ,Navy Blue ,Joyfunear
387,5.0,20.0,0.0,1000-9999,Fabric ,Black ,SHEIN Belle
388,4.87,20.0,0.0,1000-9999,Fabric ,Yellow ,SHEIN WYWH
389,4.96,42.0,0.0,1000-9999,Fabric ,Black ,LOVE&LEMONADE
390,4.93,37.0,0.0,500-999,Fabric ,Black ,SHEIN Essnce
391,4.89,24.0,0.0,0-99,Knitted Fabric ,White ,SHEIN privé
392,5.0,23.0,0.0,1000-9999,Fabric ,Mustard Yellow ,SHEIN Slayr
393,4.96,36.0,0.0,1000-9999,Fabric ,Burgundy ,Joyfunear
394,4.9,14.45,15.0,500-999,Fabric ,White ,SHEIN VCAY
395,4.91,28.0,0.0,100-499,Fabric ,White ,Amyenjoylife
396,5.0,13.0,0.0,1000-9999,Fabric ,Black ,SHEIN Unity
397,4.9,16.15,15.0,100-499,Woven Fabric ,Black ,SHEIN Frenchy
398,4.86,24.0,0.0,100-499,Woven Fabric ,Black ,Dazy
399,4.91,18.0,0.0,500-999,Woven Fabric ,Multicolor ,SHEIN VCAY
400,4.88,19.0,0.0,100-499,Woven Fabric ,Multicolor ,SHEIN VCAY
401,4.92,13.6,20.0,1000-9999,Fabric ,Red and White ,SHEIN VCAY
402,4.91,8.5,15.0,0-99,Knitted Fabric ,Black and White ,SHEIN Lady
403,4.95,25.0,0.0,1000-9999,Fabric ,Blue ,SHEIN Modely
404,4.95,16.0,0.0,100-499,Woven Fabric ,Multicolor ,SHEIN Clasi
405,4.95,15.0,0.0,500-999,Knitted Fabric ,Royal Blue ,SHEIN privé
406,4.98,31.0,0.0,100-499,Flocking ,Black ,SHEIN DECDS
407,4.94,14.0,0.0,0-99,Lace ,Black ,SHEIN ICON
408,5.0,49.99,0.0,0-99,Woven Fabric ,Red ,MOTF
409,4.88,18.0,18.0,0-99,Woven Fabric ,Burnt Orange ,SHEIN LONESS
410,4.96,41.0,0.0,100-499,Fabric ,Hot Pink ,Glamaker
411,4.9,12.0,20.0,1000-9999,Woven Fabric ,Green ,SHEIN VCAY
412,4.87,12.0,20.0,500-999,Fabric ,Black ,SHEIN privé
413,4.89,16.5,50.0,500-999,Woven Fabric ,Royal Blue ,SHEIN Modely
414,4.98,20.0,0.0,100-499,Knitted Fabric ,Multicolor ,SHEIN Lady
415,4.89,34.0,0.0,100-499,Woven Fabric ,Black ,SHEIN Frenchy
416,4.86,11.5,18.0,500-999,Knitted Fabric ,Army Green ,SHEIN ICON
417,4.96,31.0,0.0,100-499,Fabric ,Black ,Zoctuo
418,4.98,9.5,27.0,100-499,Knitted Fabric ,Red ,SHEIN privé
419,5.0,14.4,20.0,1000-9999,Fabric ,Apricot ,SHEIN BIZwear
420,5.0,9.0,0.0,1000-9999,Knitted Fabric ,Dark Green ,SHEIN LUNE
421,5.0,15.0,0.0,1000-9999,Fabric ,Cadet Blue ,SHEIN VCAY
422,5.0,14.0,0.0,1000-9999,Fabric ,Black ,SHEIN privé
423,5.0,12.0,20.0,1000-9999,Fabric ,Hot Pink ,SHEIN BAE
424,4.96,8.0,0.0,100-499,Knitted Fabric ,Black ,SHEIN ICON
425,4.85,20.0,0.0,1000-9999,Mesh Fabric ,Baby Blue ,SHEIN MOD
426,4.96,21.0,0.0,100-499,Knitted Fabric ,Burgundy ,ROMWE
427,4.98,19.0,0.0,100-499,Knitted Fabric ,Khaki ,SHEIN BAE
428,4.92,16.0,0.0,1000-9999,Fabric ,Black and White ,SHEIN PETITE
429,4.9,21.0,0.0,100-499,Fabric ,Mint Green ,SHEIN Clasi
430,5.0,18.0,0.0,0-99,Knitted Fabric ,Blue ,SHEIN privé
431,4.83,18.0,40.0,500-999,Fabric ,Brown ,Dazy
432,4.95,56.0,0.0,1000-9999,Mesh Fabric ,White ,Giffniseti
433,4.95,22.0,0.0,100-499,Fabric ,Red ,SHEIN privé
434,4.97,12.8,20.0,500-999,Knitted Fabric ,Black ,SHEIN privé
435,4.91,11.5,18.0,500-999,Knitted Fabric ,Khaki ,SHEIN privé
436,5.0,8.0,0.0,1000-9999,Knitted Fabric ,Multicolor ,SHEIN Frenchy
437,4.95,22.0,0.0,500-999,Fabric ,Royal Blue ,SHEIN Slayr
438,4.94,26.0,0.0,100-499,Fabric ,Royal Blue ,DYDAWN
439,4.94,14.0,0.0,0-99,Knitted Fabric ,Khaki ,SHEIN Lady
440,4.93,17.0,0.0,100-499,Knitted Fabric ,Coffee Brown ,SHEIN Essnce
441,4.86,19.2,20.0,1000-9999,Woven Fabric ,Red ,SHEIN LONESS
442,5.0,9.0,0.0,0-99,Polyester ,Black ,SHEIN LUNE
443,4.89,34.0,0.0,1000-9999,Chiffon ,Multicolor ,SHEIN Mulvari
444,5.0,28.0,0.0,1000-9999,Chiffon ,Purple ,Double Crazy
445,4.93,16.0,0.0,500-999,Fabric ,White ,SHEIN privé
446,4.68,16.0,20.0,100-499,Polyester ,Red ,MAGICMK
447,4.91,18.0,0.0,100-499,Woven Fabric ,White ,SHEIN Clasi
448,4.96,13.0,0.0,500-999,Rib knit ,Khaki ,SHEIN PETITE
449,4.87,22.0,0.0,100-499,Fabric ,Green ,SDNGED
450,4.96,16.0,0.0,100-499,Knitted Fabric ,Pink ,SHEIN privé
451,4.97,20.0,0.0,500-999,Fabric ,Black ,SHEIN VCAY
452,5.0,19.0,0.0,0-99,Fabric ,Green ,SHEIN Slayr
453,4.91,18.7,15.0,500-999,Fabric ,Purple ,HELYO
454,5.0,24.0,0.0,0-99,Polyester ,Blue ,Dazy
455,5.0,8.0,50.0,0-99,Knitted Fabric ,Multicolor ,SHEIN Qutie
456,4.86,14.0,0.0,0-99,Knitted Fabric ,Multicolor ,SHEIN MOD
457,4.92,19.0,0.0,500-999,Woven Fabric ,Yellow ,SHEIN Clasi
458,5.0,18.0,0.0,0-99,Polyester ,Apricot ,SHEIN privé
459,4.94,19.0,0.0,0-99,Knitted Fabric ,Black ,ChicMe
460,4.92,14.0,0.0,1000-9999,Fabric ,Green ,EMERY ROSE
461,4.94,18.0,0.0,1000-9999,Fabric ,Green ,SHEIN Mulvari
462,5.0,9.0,0.0,0-99,Woven Fabric ,Multicolor ,SHEIN WYWH
463,4.87,16.8,20.0,1000-9999,Knitted Fabric ,Baby Pink ,SHEIN privé
464,5.0,14.0,0.0,1000-9999,Fabric ,Black and White ,SHEIN Clasi
465,4.95,8.0,50.0,1000-9999,Woven Fabric ,Apricot ,SHEIN VCAY
466,4.85,18.0,25.0,100-499,Woven Fabric ,White ,SHEIN VCAY
467,4.93,15.0,0.0,1000-9999,Knitted Fabric ,Black ,SHEIN MOD
468,4.95,14.0,0.0,500-999,Knitted Fabric ,Blue and White ,SHEIN Clasi
469,4.93,10.2,40.0,1000-9999,Fabric ,Multicolor ,SHEIN Mulvari
470,4.95,18.0,0.0,1000-9999,Fabric ,Royal Blue ,SHEIN privé
471,4.97,10.0,0.0,1000-9999,Knitted Fabric ,Blue and White ,SHEIN Clasi
472,4.93,28.0,0.0,1000-9999,Knitted Fabric ,Black ,SHEIN Modely
473,5.0,12.0,0.0,0-99,Woven Fabric ,Red ,SHEIN privé
474,4.98,11.9,15.0,100-499,Woven Fabric ,Baby Blue ,SHEIN MOD
475,5.0,15.0,0.0,0-99,Knitted Fabric ,Black ,Dazy
476,4.9,16.15,15.0,100-499,Woven Fabric ,Green ,SHEIN privé
477,4.94,46.0,0.0,1000-9999,Fabric ,Burgundy ,BEAUKEY
478,4.92,11.0,0.0,1000-9999,Woven Fabric ,Green ,SHEIN LUNE
479,4.93,22.0,0.0,1000-9999,Fabric ,Navy Blue ,SHEIN Frenchy
480,4.96,37.0,0.0,500-999,Sequins ,Red ,SHEIN Belle
481,4.91,9.6,20.0,500-999,Fabric ,Red ,SHEIN ICON
482,4.92,18.0,0.0,1000-9999,Fabric ,Green ,SHEIN VCAY
483,4.86,18.0,0.0,500-999,Knitted Fabric ,Rust Brown ,ROMWE
484,4.96,16.0,20.0,100-499,Fabric ,White ,SHEIN EZwear
485,4.89,21.0,0.0,500-999,Fabric ,Blue and White ,SHEIN MOD
486,4.92,19.0,0.0,1000-9999,Fabric ,Multicolor ,SHEIN Modely
487,4.91,18.0,0.0,100-499,Knitted Fabric ,Burgundy ,SHEIN Clasi
488,5.0,26.0,0.0,0-99,Woven Fabric ,Blue ,SHEIN Modely
489,4.93,7.0,50.0,500-999,Knitted Fabric ,Red ,SHEIN MOD
490,4.97,14.0,18.0,0-99,Knitted Fabric ,Grey ,SHEIN BAE
491,5.0,40.0,0.0,1000-9999,Lace ,Pink ,MIUSOL
492,4.98,13.0,28.0,0-99,Mesh Fabric ,Green ,SHEIN Clasi
493,4.93,13.0,0.0,500-999,Woven Fabric ,Mint Green ,SHEIN Frenchy
494,4.97,17.0,15.0,100-499,Knitted Fabric ,Burgundy ,SHEIN Aloruh
495,4.81,30.0,0.0,0-99,Woven Fabric ,White ,SHEIN Modely
496,4.95,19.0,0.0,1000-9999,Fabric ,Burgundy ,SHEIN Modely
497,4.93,21.0,0.0,100-499,Woven Fabric ,Black ,SHEIN VCAY
498,4.95,17.0,0.0,1000-9999,Fabric ,Multicolor ,SHEIN VCAY
499,5.0,12.0,0.0,0-99,Knitted Fabric ,Khaki ,SHEIN EZwear
500,4.95,31.0,0.0,100-499,Fabric ,Baby Pink ,Simplee
501,4.96,16.8,20.0,500-999,Fabric ,Burgundy ,SHEIN LONESS
502,4.91,20.0,0.0,500-999,Fabric ,Black ,SHEIN LUNE
503,4.92,23.0,0.0,1000-9999,Woven Fabric ,Mint Green ,SHEIN VCAY
504,4.91,22.0,0.0,100-499,Woven Fabric ,White ,SHEIN MOD
505,4.96,13.0,0.0,1000-9999,Fabric ,Black ,SHEIN WYWH
506,4.91,18.4,20.0,100-499,Satin ,Apricot ,SHEIN BAE
507,4.92,22.0,0.0,100-499,Woven Fabric ,White ,SHEIN VCAY
508,4.97,29.0,0.0,100-499,Mesh Fabric ,Black ,YMyimei
509,4.94,10.5,25.0,100-499,Knitted Fabric ,Black and White ,SHEIN ICON
510,4.89,15.0,0.0,1000-9999,Fabric ,Burgundy ,SHEIN EZwear
511,5.0,22.0,0.0,0-99,Fabric ,Black ,SHEIN LONESS
512,4.84,13.0,0.0,100-499,Fabric ,Black ,SHEIN Unity
513,4.84,15.0,0.0,1000-9999,Chiffon ,White ,SHEIN privé
514,4.94,19.0,0.0,1000-9999,Knitted Fabric ,Coffee Brown ,SHEIN LUNE
515,5.0,34.0,0.0,1000-9999,Lace ,White ,TICOSA
516,4.9,23.0,0.0,100-499,Fabric ,Coral Pink ,Dazy
517,5.0,19.2,20.0,1000-9999,Fabric ,Olive Green ,SHEIN VCAY
518,5.0,18.0,0.0,0-99,Woven Fabric ,Multicolor ,yisi
519,4.88,16.0,0.0,100-499,Knitted Fabric ,Beige ,SHEIN MOD
520,5.0,16.0,0.0,0-99,Knitted Fabric ,Black ,SHEIN MOOSTA
521,4.95,16.0,20.0,500-999,Woven Fabric ,Yellow ,SHEIN VCAY
522,4.98,19.0,0.0,500-999,Woven Fabric ,Pink ,SHEIN MOD
523,4.85,20.0,0.0,1000-9999,Woven Fabric ,Khaki ,SHEIN VCAY
524,4.9,8.0,20.0,0-99,Knitted Fabric ,Red ,SHEIN ICON
525,4.95,12.6,40.0,0-99,Woven Fabric ,Multicolor ,SHEIN MOD
526,4.92,38.0,0.0,500-999,Fabric ,Red ,Barlahlsen
527,4.92,14.0,0.0,500-999,Knitted Fabric ,Army Green ,SHEIN Frenchy
528,4.95,16.0,0.0,1000-9999,Fabric ,Navy Blue ,SHEIN VCAY
529,4.94,15.0,25.0,1000-9999,Fabric ,Multicolor ,SHEINNeu
530,4.87,11.0,0.0,500-999,Woven Fabric ,Brown ,SHEIN privé
531,4.79,8.0,20.0,500-999,Satin ,Pink ,SHEIN privé
532,4.78,15.0,25.0,0-99,Woven Fabric ,White ,SHEIN EastFlair
533,5.0,16.0,0.0,1000-9999,Fabric ,Multicolor ,SHEIN VCAY
535,4.95,14.4,20.0,100-499,Knitted Fabric ,Black ,SHEIN Frenchy
536,4.88,17.0,0.0,1000-9999,Woven Fabric ,Navy Blue ,SHEIN Najma
537,4.95,18.0,0.0,1000-9999,Fabric ,Multicolor ,EMERY ROSE
538,4.92,9.5,50.0,500-999,Lace ,White ,SHEIN privé
539,4.96,13.6,20.0,1000-9999,Flannelette ,Orange ,SHEIN ICON
540,5.0,39.99,27.0,0-99,Polyester ,Yellow ,Simple Retro
541,4.85,18.0,0.0,500-999,Woven Fabric ,Blue and White ,SHEIN LUNE
542,5.0,18.7,15.0,0-99,Fabric ,Hot Pink ,SHEIN Frenchy
543,4.95,13.0,0.0,500-999,Fabric ,Multicolor ,SHEIN privé
544,4.94,7.0,0.0,1000-9999,Woven Fabric ,Mustard Yellow ,SHEIN Clasi
545,4.95,6.8,15.0,1000-9999,Fabric ,Green ,SHEIN Frenchy
546,5.0,17.0,0.0,0-99,PU Leather ,Brown ,SHEIN ICON
547,4.98,15.0,0.0,100-499,Woven Fabric ,Black ,SHEIN BAE
548,4.91,10.0,0.0,1000-9999,Satin ,Apricot ,SHEIN Aloruh
549,5.0,7.65,15.0,1000-9999,Fabric ,Multicolor ,SHEIN Clasi
550,4.94,23.0,0.0,500-999,Knitted Fabric ,Hot Pink ,SHEIN Slayr
551,4.89,8.8,20.0,1000-9999,Woven Fabric ,Pink ,SHEIN LUNE
552,4.77,22.0,0.0,1000-9999,Woven Fabric ,Baby Blue ,SHEIN BAE
553,5.0,12.0,0.0,0-99,Polyester ,Black ,SHEIN Slayr
554,4.97,25.0,0.0,0-99,Knitted Fabric ,Khaki ,SHEIN DECDS
555,4.93,16.0,0.0,1000-9999,Knitted Fabric ,Orange ,SHEIN Slayr
556,4.78,28.0,0.0,100-499,Woven Fabric ,White ,SHEIN Modely
557,4.87,19.0,0.0,0-99,Fabric ,Beige ,SHEIN BAE
558,4.97,14.0,0.0,1000-9999,Knitted Fabric ,Navy Blue ,SHEIN BAE
559,4.96,17.0,0.0,1000-9999,Woven Fabric ,Navy Blue ,SHEIN LUNE
560,5.0,11.0,50.0,0-99,Fabric ,Blue ,SHEIN Slayr
561,4.95,23.0,0.0,0-99,Fabric ,Multicolor ,SHEIN VCAY
562,4.92,18.4,20.0,100-499,Woven Fabric ,Black ,SHEIN LONESS
563,4.96,12.8,20.0,100-499,Mesh Fabric ,Red ,SHEIN PETITE
564,5.0,35.0,0.0,1000-9999,Metallic ,Gold ,Joyfunear
565,4.85,16.0,0.0,100-499,Polyester ,Black ,DOUCIU
566,5.0,27.0,0.0,0-99,Woven Fabric ,Black ,Friful
567,4.93,15.0,29.0,100-499,Woven Fabric ,Multicolor ,SHEIN VCAY
568,4.94,21.0,0.0,1000-9999,Woven Fabric ,Green ,SHEIN VCAY
569,4.94,18.0,0.0,100-499,Woven Fabric ,Blue ,SHEIN VCAY
570,4.93,9.6,20.0,1000-9999,Fabric ,Hot Pink ,SHEIN VCAY
571,4.89,15.0,0.0,100-499,Woven Fabric ,Green ,SHEIN VCAY
572,4.91,18.0,0.0,100-499,Knitted Fabric ,Multicolor ,SHEIN BAE
573,4.9,14.0,0.0,1000-9999,Satin ,Royal Blue ,SHEIN BAE
574,4.93,24.0,0.0,1000-9999,Woven Fabric ,Navy Blue ,SHEIN LUNE
575,4.93,24.0,0.0,1000-9999,Fabric ,White ,SHEIN LONESS
576,4.91,6.75,16.0,1000-9999,Knitted Fabric ,Dark Green ,SHEIN Slayr
577,4.94,15.0,0.0,1000-9999,Knitted Fabric ,Dusty Pink ,SHEIN privé
578,5.0,17.0,0.0,0-99,Mesh ,Brown ,Dazy
579,4.87,23.8,15.0,500-999,Coated Fabric ,Bronze ,SHEIN BAE
580,4.96,12.0,0.0,1000-9999,Fabric ,Khaki ,Dazy
581,4.98,18.0,18.0,500-999,Fabric ,Black ,SHEIN LUNE
582,4.96,16.0,0.0,100-499,Woven Fabric ,Multicolor ,SHEIN privé
583,5.0,21.0,0.0,0-99,Fabric ,Multicolor ,ChicMe
584,4.91,9.5,50.0,500-999,Woven Fabric ,Black ,SHEIN MOD
585,4.9,45.0,0.0,1000-9999,Chiffon ,White ,LOVE&LEMONADE
586,4.88,21.0,0.0,100-499,Fabric ,Pink ,SHEIN VCAY
587,4.91,16.0,20.0,0-99,Woven Fabric ,Green ,SHEIN VCAY
588,4.96,11.0,0.0,500-999,Knitted Fabric ,Multicolor ,SHEIN EZwear
589,4.91,17.0,15.0,100-499,Knitted Fabric ,Red ,SHEIN MOD
590,4.88,9.0,0.0,0-99,Knitted Fabric ,Black ,SHEIN MOOSTA
591,4.99,16.0,20.0,100-499,Fabric ,Multicolor ,SHEIN Slayr
592,5.0,12.0,0.0,1000-9999,Fabric ,Dark Green ,SHEIN EZwear
593,4.9,16.0,0.0,1000-9999,Woven Fabric ,Royal Blue ,SHEIN VCAY
594,4.83,14.0,0.0,100-499,Woven Fabric ,Green ,SHEIN LUNE
595,4.95,17.0,0.0,0-99,Mesh Fabric ,Multicolor ,SHEIN Tall
596,5.0,12.0,0.0,0-99,Knitted Fabric ,Black ,SHEIN PETITE
597,5.0,10.75,17.0,0-99,Fabric ,Multicolor ,SHEIN Lady
598,5.0,11.9,15.0,0-99,Knitted Fabric ,Black and White ,SHEIN privé
599,4.74,15.2,20.0,1000-9999,Fabric ,White ,SHEIN WYWH
600,5.0,7.5,50.0,0-99,Mesh ,Multicolor ,SHEIN PETITE
601,5.0,18.0,0.0,0-99,Fabric ,Multicolor ,SHEIN LUNE
602,5.0,22.0,0.0,0-99,Woven Fabric ,Dusty Pink ,SHEIN privé
603,5.0,19.0,0.0,0-99,Polyester ,Blue ,OYYN
604,4.92,21.0,0.0,100-499,Woven Fabric ,Dusty Blue ,SHEIN privé
605,4.89,17.0,0.0,100-499,Woven Fabric ,Blue ,SHEIN WYWH
606,5.0,22.0,0.0,1000-9999,Fabric ,Dark Green ,SHEIN Slayr
607,5.0,15.3,15.0,0-99,Fabric ,Pink ,SHEIN MOD
608,4.92,24.0,0.0,1000-9999,Fabric ,Baby Blue ,SHEIN Mulvari
609,4.88,19.0,0.0,500-999,Fabric ,Khaki ,SHEIN VCAY
610,4.84,16.0,0.0,1000-9999,Woven Fabric ,Dusty Purple ,SHEIN EZwear
611,4.93,17.0,0.0,1000-9999,Knitted Fabric ,Black ,SHEIN Clasi
612,4.93,9.0,0.0,1000-9999,Knitted Fabric ,Baby Pink ,SHEIN PETITE
613,4.77,10.4,20.0,1000-9999,Fabric ,Black and White ,SHEIN Frenchy
614,4.87,13.0,0.0,0-99,Woven Fabric ,Red ,SHEIN privé
615,4.91,55.0,0.0,100-499,Fabric ,Royal Blue ,ADYCE
616,4.92,39.0,0.0,100-499,Sequins ,Black ,Glamaker
617,4.95,23.0,0.0,100-499,Woven Fabric ,Burgundy ,SHEIN LONESS
618,4.93,19.0,0.0,500-999,Fabric ,White ,SHEIN VCAY
619,4.99,23.0,0.0,100-499,Fabric ,Royal Blue ,SHEIN Slayr
620,4.9,14.0,0.0,1000-9999,Fabric ,Blue and White ,SHEIN LUNE
621,4.92,15.0,25.0,100-499,Woven Fabric ,Multicolor ,EMERY ROSE
622,5.0,17.5,50.0,0-99,Fabric ,Khaki ,Dazy
623,4.98,8.0,0.0,1000-9999,Knitted Fabric ,White ,SHEIN ICON
624,4.91,39.99,0.0,100-499,Linen ,Apricot ,MOTF
625,4.95,9.0,0.0,1000-9999,Knitted Fabric ,Red and White ,SHEIN LUNE
626,4.74,14.0,0.0,0-99,Woven Fabric ,Black ,SHEIN Frenchy
627,4.89,25.0,0.0,1000-9999,Fabric ,Beige ,SHEIN LUNE
628,4.89,17.6,20.0,100-499,Lace ,Royal Blue ,SHEIN Lady
629,4.89,12.0,0.0,1000-9999,Woven Fabric ,Brown ,SHEIN Clasi
630,4.9,15.0,0.0,1000-9999,Fabric ,Multicolor ,SHEIN Clasi
631,5.0,16.5,28.0,0-99,Woven Fabric ,Red ,SHEIN Frenchy
632,5.0,24.65,15.0,0-99,Fabric ,White ,DODC
633,4.89,10.2,40.0,1000-9999,Fabric ,Burgundy ,SHEIN LUNE
634,4.89,18.0,0.0,1000-9999,Woven Fabric ,Black ,SHEIN VCAY
635,4.95,14.0,0.0,0-99,Knitted Fabric ,Multicolor ,SHEIN Frenchy
636,4.94,13.0,0.0,100-499,Woven Fabric ,Multicolor ,SHEIN LUNE
637,4.7,18.0,0.0,1000-9999,Fabric ,Baby Blue ,SHEIN WYWH
638,5.0,15.3,15.0,1000-9999,Fabric ,Mint Green ,SHEIN VCAY
639,5.0,19.0,0.0,0-99,Polyester ,Multicolor ,EMERY ROSE
640,5.0,19.0,0.0,0-99,Woven Fabric ,Multicolor ,SHEIN privé
641,4.97,18.0,0.0,100-499,Mesh Fabric ,White ,SHEIN privé
642,4.85,18.7,15.0,500-999,Woven Fabric ,Green ,SHEIN VCAY
643,4.97,17.0,0.0,1000-9999,Fabric ,White ,SHEIN privé
644,4.83,14.45,15.0,100-499,Woven Fabric ,Green ,SHEIN Frenchy
645,4.88,19.0,0.0,1000-9999,Woven Fabric ,Mauve Purple ,SHEIN LONESS
646,4.92,22.0,0.0,1000-9999,Fabric ,Red and White ,SHEIN VCAY
647,4.84,18.0,0.0,1000-9999,Fabric ,Royal Blue ,SHEIN LONESS
648,4.93,9.0,0.0,1000-9999,Knitted Fabric ,Royal Blue ,SHEIN VCAY
649,4.96,59.0,0.0,500-999,Fabric ,White ,BEAUKEY
650,4.85,16.0,0.0,100-499,Knitted Fabric ,Burgundy ,SHEIN LUNE
651,5.0,12.75,25.0,1000-9999,Fabric ,Red ,SHEIN Slayr
652,4.95,10.0,17.0,1000-9999,Knitted Fabric ,Black ,SHEIN privé
653,5.0,28.0,0.0,0-99,Woven Fabric ,Pink ,SHEIN Modely
654,4.89,16.0,0.0,0-99,Knitted Fabric ,Grey ,SHEIN BAE
655,4.94,12.0,0.0,500-999,Knitted Fabric ,Dusty Blue ,SHEIN LUNE
656,4.89,11.2,20.0,1000-9999,Fabric ,Multicolor ,EMERY ROSE
657,4.92,14.0,0.0,1000-9999,Fabric ,Multicolor ,SHEIN VCAY
658,4.93,31.0,0.0,500-999,Fabric ,Baby Blue ,Joyfunear
659,4.84,16.0,0.0,100-499,Satin ,Black ,SHEIN BAE
660,4.84,16.0,0.0,100-499,Knitted Fabric ,Burgundy ,SHEIN Clasi
661,5.0,16.0,0.0,0-99,Woven Fabric ,Multicolor ,SHEIN Frenchy
662,5.0,15.0,0.0,0-99,Woven Fabric ,Black ,SHEIN Clasi
663,4.82,17.0,0.0,100-499,Woven Fabric ,Hot Pink ,SHEIN LUNE
664,4.97,19.0,0.0,500-999,Woven Fabric ,Multicolor ,SHEIN LONESS
665,4.96,20.0,0.0,100-499,Woven Fabric ,Black and White ,SHEIN Clasi
666,4.9,45.0,0.0,100-499,Knitted Fabric ,Pink ,SHEIN ENCHNT
667,4.91,16.0,0.0,1000-9999,Fabric ,Black ,SHEIN LUNE
668,5.0,8.75,27.0,0-99,Fabric ,Red ,SHEIN LUNE
669,4.97,16.8,40.0,0-99,Fabric ,Black and White ,SHEIN VCAY
670,4.97,11.0,0.0,1000-9999,Knitted Fabric ,Teal Blue ,SHEIN privé
671,5.0,22.0,0.0,0-99,Woven Fabric ,Multicolor ,SHEIN Clasi
672,4.89,13.0,0.0,100-499,Woven Fabric ,Lime Green ,SHEIN WYWH
673,4.89,16.0,0.0,1000-9999,Woven Fabric ,Light Wash ,SHEIN privé
674,5.0,15.75,28.0,0-99,Fabric ,Brown ,SHEIN LONESS
675,4.96,6.0,50.0,500-999,Knitted Fabric ,Dark Green ,SHEIN BAE
676,4.93,17.0,0.0,500-999,Woven Fabric ,Multicolor ,SHEIN VCAY
677,5.0,29.0,0.0,0-99,Mesh ,Dark Green ,SHEIN Modely
678,4.9,15.0,0.0,1000-9999,Woven Fabric ,Yellow ,SHEIN WYWH
679,4.9,13.0,0.0,1000-9999,Knitted Fabric ,Blue ,SHEIN Clasi
680,4.87,10.0,0.0,1000-9999,Knitted Fabric ,Navy Blue ,SHEIN BAE
681,5.0,21.0,0.0,1000-9999,Satin ,Teal Blue ,SHEIN privé
682,5.0,21.0,0.0,0-99,Polyester ,White ,EMERY ROSE
683,5.0,12.75,15.0,0-99,Knitted Fabric ,Black and White ,EMERY ROSE
684,5.0,26.0,0.0,0-99,Woven Fabric ,Orange ,SHEIN Modely
685,4.93,10.0,0.0,100-499,Fabric ,Multicolor ,SHEIN privé
686,4.91,14.4,20.0,0-99,Knitted Fabric ,Multicolor ,EMERY ROSE
687,4.99,19.0,0.0,100-499,Knitted Fabric ,Black ,SHEIN Haute
688,4.97,36.0,0.0,1000-9999,Lace ,Navy Blue ,MIUSOL
689,4.87,21.0,0.0,100-499,Fabric ,White ,EARO
690,4.94,15.75,28.0,100-499,Woven Fabric ,Black ,SHEIN VCAY
691,4.86,16.0,0.0,100-499,Woven Fabric ,Multicolor ,SHEIN Clasi
692,5.0,13.0,0.0,0-99,Woven Fabric ,Multicolor ,SHEIN VCAY
693,5.0,36.55,15.0,0-99,Fabric ,Black ,Zoctuo
694,5.0,9.0,0.0,0-99,Woven Fabric ,Multicolor ,SHEIN VCAY
695,4.92,5.95,15.0,1000-9999,Fabric ,Blue and White ,EMERY ROSE
696,4.92,29.0,0.0,0-99,Chiffon ,Black ,SHEIN BAE
697,4.95,9.0,0.0,1000-9999,Knitted Fabric ,Multicolor ,SHEIN privé
698,4.94,63.0,0.0,500-999,Fabric ,Gold ,ADYCE
699,4.91,8.0,0.0,1000-9999,Knitted Fabric ,Black and White ,SHEIN VCAY
700,4.95,15.0,0.0,100-499,Woven Fabric ,Multicolor ,SHEIN VCAY
701,4.86,13.0,28.0,100-499,Woven Fabric ,Black ,SHEIN VCAY
702,5.0,24.0,0.0,0-99,Woven Fabric ,White ,SHEIN WYWH
703,4.82,12.0,25.0,100-499,Fabric ,Green ,SHEIN VCAY
704,5.0,10.0,0.0,1000-9999,Metallic ,Green ,SHEIN ICON
705,4.95,10.0,0.0,1000-9999,Knitted Fabric ,Army Green ,SHEIN LUNE
706,4.75,19.0,0.0,0-99,Woven Fabric ,Red ,SHEIN privé
707,4.95,26.35,15.0,500-999,Fabric ,Multicolor ,HOMEYEE
708,4.92,24.0,0.0,0-99,Knitted Fabric ,Multicolor ,SHEIN Modely
709,4.94,29.0,0.0,1000-9999,Fabric ,Multicolor ,Glamaker
710,5.0,25.0,0.0,0-99,Sequins ,White ,Dazy
711,5.0,28.0,0.0,0-99,Satin ,Royal Blue ,SHEIN Lady
712,4.9,11.0,0.0,1000-9999,Woven Fabric ,Yellow ,SHEIN Clasi
713,4.89,33.0,0.0,0-99,Knitted Fabric ,Grey ,Dazy
714,5.0,14.0,0.0,1000-9999,Knitted Fabric ,Navy Blue ,SHEIN MOD
715,4.96,23.0,0.0,1000-9999,Knitted Fabric ,Blue ,SHEIN Modely
716,4.9,6.5,50.0,100-499,Knitted Fabric ,Hot Pink ,SHEIN PETITE
717,4.8,35.0,0.0,100-499,Fabric ,Black ,APPERLOTH A
718,4.85,14.0,0.0,0-99,Polyester ,Black ,SHEIN EZwear
719,4.74,14.0,0.0,100-499,Fabric ,Multicolor ,SHEIN WYWH
720,5.0,14.0,0.0,0-99,Satin ,Apricot ,SHEIN BAE
721,5.0,12.0,0.0,1000-9999,Knitted Fabric ,Pink ,SHEIN ICON
722,5.0,7.0,0.0,1000-9999,Fabric ,Hot Pink ,SHEIN ICON
723,4.97,9.6,20.0,1000-9999,Knitted Fabric ,Chocolate Brown ,SHEIN EZwear
724,4.97,16.0,0.0,1000-9999,Fabric ,Black ,SHEIN privé
725,4.95,20.4,15.0,1000-9999,Woven Fabric ,Orange ,SHEIN LUNE
726,5.0,16.0,20.0,1000-9999,Fabric ,Lilac Purple ,SHEIN MOD
727,5.0,8.0,0.0,1000-9999,Knitted Fabric ,Pink ,SHEIN Essnce
728,5.0,15.0,0.0,1000-9999,Mesh Fabric ,Baby Pink ,SHEIN privé
729,5.0,8.5,15.0,1000-9999,Polyester ,Grey ,SHEIN Frenchy
730,4.99,12.5,17.0,100-499,Knitted Fabric ,Royal Blue ,SHEIN Lady
731,5.0,23.0,0.0,1000-9999,Fabric ,Black ,SHEIN Frenchy
732,4.98,22.0,0.0,500-999,Knitted Fabric ,Green ,SHEIN privé
733,5.0,13.0,0.0,1000-9999,Fabric ,Multicolor ,SHEIN privé
734,5.0,15.0,0.0,1000-9999,Fabric ,Dark Grey ,SHEIN BAE
735,4.92,36.0,0.0,1000-9999,Fabric ,Blue ,SHEIN Belle
736,4.96,17.0,0.0,100-499,Fabric ,Khaki ,Aliling
737,4.93,28.0,0.0,1000-9999,Fabric ,Green ,Rusttydustty
738,5.0,9.0,0.0,1000-9999,Fabric ,Multicolor ,SHEIN Clasi
739,4.95,18.0,0.0,1000-9999,Woven Fabric ,Blue ,SHEIN VCAY
740,4.94,12.5,17.0,1000-9999,Knitted Fabric ,Blue ,SHEIN Clasi
741,4.95,34.2,10.0,1000-9999,Fabric ,Coffee Brown ,PARTHEA
742,4.98,16.0,0.0,1000-9999,Knitted Fabric ,Lilac Purple ,SHEIN VCAY
743,5.0,12.0,20.0,1000-9999,Fabric ,Dark Green ,SHEIN BAE
744,4.95,29.0,0.0,1000-9999,Woven Fabric ,Black ,SHEIN Tall
745,5.0,15.0,0.0,1000-9999,Fabric ,Redwood ,SHEIN BAE
746,4.95,18.7,15.0,1000-9999,Fabric ,Red and White ,SHEIN LONESS
747,4.93,19.2,20.0,1000-9999,Fabric ,Green ,SHEIN VCAY
748,4.95,33.3,10.0,1000-9999,Fabric ,Green ,PARTHEA
749,5.0,13.0,0.0,1000-9999,Fabric ,Khaki ,SHEIN LUNE
750,5.0,40.0,0.0,1000-9999,Lace ,Navy Blue ,MIUSOL
751,4.95,53.0,0.0,1000-9999,Lace ,Maroon ,MIUSOL
752,4.94,5.0,50.0,1000-9999,Woven Fabric ,Red ,SHEIN Clasi
753,4.91,8.0,0.0,1000-9999,Knitted Fabric ,Green ,SHEIN Slayr
754,5.0,7.2,20.0,1000-9999,Fabric ,Burgundy ,SHEIN LUNE
755,5.0,14.0,18.0,1000-9999,Knitted Fabric ,Multicolor ,SHEIN BAE
756,4.94,9.5,27.0,500-999,Knitted Fabric ,Dusty Blue ,SHEIN BAE
757,4.92,14.0,0.0,1000-9999,Knitted Fabric ,Blue ,SHEIN Clasi
758,4.9,14.99,0.0,1000-9999,Fabric ,Purple ,MOTF
759,5.0,15.0,0.0,1000-9999,Knitted Fabric ,Navy Blue ,SHEIN PETITE
760,5.0,10.0,0.0,0-99,Knitted Fabric ,Multicolor ,SHEIN Clasi
761,4.9,16.0,0.0,0-99,Fabric ,Black ,SHEIN ICON
762,4.86,12.6,40.0,500-999,Woven Fabric ,White ,SHEIN Clasi
763,5.0,13.0,0.0,0-99,Knitted Fabric ,Multicolor ,SHEIN Qutie
764,4.82,23.0,0.0,100-499,Woven Fabric ,Apricot ,SHEIN Clasi
765,4.8,13.0,0.0,0-99,Knitted Fabric ,Red ,SHEIN EZwear
766,5.0,24.0,0.0,0-99,Polyester ,Black and White ,SHEIN privé
767,4.91,11.0,0.0,1000-9999,Knitted Fabric ,Grey ,SHEIN PETITE
768,5.0,30.0,0.0,0-99,Polyester ,Beige ,Dazy
769,4.92,9.5,27.0,1000-9999,Woven Fabric ,Green ,SHEIN VCAY
770,4.82,23.0,0.0,100-499,Fabric ,Black ,SHEIN Mulvari
771,4.95,16.0,0.0,1000-9999,Woven Fabric ,Green ,SHEIN WYWH
773,5.0,20.4,15.0,1000-9999,Fabric ,Burnt Orange ,PARTHEA
774,4.94,16.0,20.0,100-499,Fabric ,Coffee Brown ,SHEIN Slayr
775,5.0,27.0,0.0,1000-9999,Fabric ,Blue ,SHEIN Modely
776,5.0,8.8,20.0,1000-9999,Fabric ,Black ,SHEIN Frenchy
777,5.0,18.0,0.0,0-99,Knitted Fabric ,Apricot ,SHEIN BAE
778,5.0,10.0,0.0,0-99,Knitted Fabric ,Multicolor ,SHEIN privé
779,4.88,24.0,0.0,0-99,Knitted Fabric ,Brown ,SHEIN LUNE
780,4.99,20.0,0.0,100-499,Knitted Fabric ,Yellow ,SHEIN Lady
781,5.0,22.0,0.0,0-99,Fabric ,Orange ,SHEIN LONESS
782,4.94,50.0,0.0,500-999,Chiffon ,Multicolor ,Giffniseti
783,5.0,15.3,15.0,0-99,Polyester ,Beige ,GZCHUANGXI
784,5.0,28.0,0.0,0-99,Knitted Fabric ,White ,SHEIN BAE
785,5.0,7.5,17.0,0-99,Knitted Fabric ,White ,SHEIN privé
786,4.9,15.0,0.0,500-999,Woven Fabric ,Apricot ,EMERY ROSE
787,5.0,15.0,0.0,0-99,Knitted Fabric ,Burgundy ,SHEIN Lady
788,5.0,29.99,0.0,0-99,Woven Fabric ,Multicolor ,MOTF
789,4.95,23.0,0.0,500-999,Fabric ,Gold ,SHEIN BAE
790,4.89,16.0,0.0,1000-9999,Fabric ,White ,SHEIN VCAY
791,5.0,30.0,0.0,1000-9999,Fabric ,Dusty Pink ,Joyfunear
792,5.0,10.0,0.0,0-99,Polyester ,White ,Dazy
793,4.97,14.0,0.0,1000-9999,Knitted Fabric ,Beige ,SHEIN BAE
794,4.92,20.0,0.0,1000-9999,Knitted Fabric ,Dusty Blue ,SHEIN BAE
795,5.0,18.0,0.0,1000-9999,Fabric ,Navy Blue ,SHEIN Slayr
796,5.0,30.0,0.0,0-99,Polyester ,White ,QYE
797,5.0,12.0,0.0,1000-9999,Fabric ,Lime Green ,SHEIN LUNE
798,5.0,12.0,0.0,100-499,Knitted Fabric ,Red and White ,SHEIN Clasi
799,4.94,27.0,0.0,0-99,Woven Fabric ,Multicolor ,SHEIN VCAY
800,4.81,24.0,0.0,100-499,Woven Fabric ,Black ,SHEIN privé
801,4.91,20.0,0.0,100-499,Fabric ,Red ,SHEIN Lady
802,4.89,24.0,0.0,100-499,Knitted Fabric ,Khaki ,SHEIN privé
803,5.0,59.99,0.0,0-99,Woven Fabric ,Multicolor ,MOTF
804,4.98,44.0,20.0,1000-9999,Fabric ,Red ,ADYCE
805,4.91,10.4,20.0,100-499,Knitted Fabric ,Black ,SHEIN Clasi
806,5.0,18.0,0.0,1000-9999,Fabric ,Black ,SHEIN VCAY
807,4.9,15.0,0.0,1000-9999,Chiffon ,White ,SHEIN VCAY
808,5.0,6.4,20.0,1000-9999,Fabric ,Red ,SHEIN LUNE
809,4.96,7.65,15.0,1000-9999,Fabric ,Multicolor ,SHEIN VCAY
810,5.0,12.0,20.0,1000-9999,Fabric ,Multicolor ,SHEIN LUNE
811,5.0,17.0,0.0,1000-9999,Fabric ,Brown ,SHEIN LONESS
812,5.0,37.0,0.0,0-99,Polyester ,Blue ,Dazy
813,5.0,15.0,0.0,1000-9999,Mesh Fabric ,Royal Blue ,SHEIN PETITE
814,4.91,6.4,20.0,1000-9999,Woven Fabric ,Green ,SHEIN PETITE
815,4.99,14.0,0.0,100-499,Mesh Fabric ,Multicolor ,SHEIN Haute
816,5.0,6.75,16.0,1000-9999,Fabric ,Black ,SHEIN Essnce
817,5.0,10.4,20.0,1000-9999,Fabric ,Black ,SHEIN MOD
818,5.0,14.0,0.0,1000-9999,Knitted Fabric ,Pink ,SHEIN MOD
819,5.0,27.0,0.0,1000-9999,Woven Fabric ,Purple ,SHEIN MOD
820,4.9,8.0,0.0,1000-9999,Fabric ,Multicolor ,SHEIN Clasi
821,4.93,21.0,0.0,1000-9999,Woven Fabric ,Mint Green ,SHEIN privé
822,5.0,23.0,0.0,0-99,Knitted Fabric ,Black ,SHEIN Belle
823,4.92,16.0,0.0,0-99,Knitted Fabric ,Gold ,SHEIN Clasi
824,4.91,15.0,0.0,1000-9999,Fabric ,Coffee ,SHEIN privé
825,4.87,14.45,15.0,100-499,Woven Fabric ,Coral Orange ,SHEIN Frenchy
826,5.0,10.2,15.0,0-99,Woven Fabric ,Green ,SHEIN VCAY
827,4.92,23.0,0.0,1000-9999,Fabric ,Orange ,Sawesy
828,4.96,37.0,0.0,100-499,Knitted Fabric ,White ,AOMEI
829,4.91,14.4,20.0,1000-9999,Fabric ,Burgundy ,SHEIN LUNE
830,4.58,24.0,0.0,0-99,Polyester ,Pink ,APPERLOTH A
831,4.97,7.5,25.0,500-999,Woven Fabric ,Purple ,SHEIN LUNE
832,5.0,18.0,0.0,0-99,Woven Fabric ,Blue and White ,SHEIN Mulvari
833,4.92,14.0,0.0,1000-9999,Fabric ,Dusty Pink ,SHEIN Belle
834,4.95,12.0,40.0,0-99,Knitted Fabric ,White ,SHEIN Frenchy
835,5.0,4.5,50.0,1000-9999,Fabric ,Yellow ,SHEIN LUNE
836,4.92,27.0,0.0,0-99,Fabric ,White ,PARTHEA
837,4.93,25.0,0.0,0-99,Knitted Fabric ,Red ,SHEIN privé
838,4.92,19.0,0.0,100-499,Fabric ,Multicolor ,EMERY ROSE
839,4.97,21.0,0.0,1000-9999,Knitwear ,Light Grey ,Dazy
840,4.9,14.0,0.0,1000-9999,Fabric ,Multicolor ,SHEIN LUNE
841,5.0,13.0,28.0,1000-9999,Fabric ,Yellow ,SHEIN VCAY
842,5.0,22.0,0.0,0-99,Knitted Fabric ,Red ,SHEIN privé
843,4.75,22.0,0.0,0-99,Polyester ,Black ,Dazy
844,4.96,16.0,20.0,0-99,Rib knit ,Black ,SHEIN Essnce
845,5.0,17.0,0.0,1000-9999,Fabric ,Burgundy ,SHEIN LONESS
846,5.0,7.2,40.0,0-99,Knitted Fabric ,Black ,SHEIN ICON
847,5.0,24.0,0.0,0-99,Woven Fabric ,Multicolor ,SHEIN LONESS
848,4.95,6.0,40.0,1000-9999,Fabric ,Navy Blue ,SHEIN VCAY
849,4.87,18.0,0.0,1000-9999,Fabric ,Black ,SHEIN PETITE
850,4.95,16.0,0.0,100-499,Fabric ,Blue and White ,SHEIN LUNE
851,4.89,8.0,0.0,100-499,Knitted Fabric ,Silver ,SHEIN BAE
852,4.86,49.99,0.0,0-99,Woven Fabric ,Multicolor ,MOTF
853,5.0,37.0,0.0,0-99,Woven Fabric ,Black ,SHEIN Modely
854,4.93,49.0,0.0,1000-9999,Fabric ,Black ,BEAUKEY
855,4.89,19.55,15.0,100-499,Lace ,Red ,SHEIN Lady
856,4.84,19.0,0.0,100-499,Woven Fabric ,Hot Pink ,SHEIN VCAY
857,4.93,26.0,0.0,100-499,Sequins ,Dark Green ,Joyfunear
858,4.93,75.0,0.0,100-499,Mesh Fabric ,Black ,BEAUKEY
859,4.83,11.05,15.0,100-499,Knitted Fabric ,Black ,ROMWE
860,4.78,17.85,15.0,500-999,Fabric ,White ,EMERY ROSE
861,4.86,11.0,0.0,0-99,Woven Fabric ,Multicolor ,EMERY ROSE
862,5.0,8.5,50.0,0-99,Knitted Fabric ,Black ,SHEIN ICON
863,4.99,10.2,15.0,1000-9999,Knitted Fabric ,Black and White ,SHEIN EZwear
864,4.96,16.0,0.0,1000-9999,Knitted Fabric ,Blue ,SHEIN privé
865,5.0,18.7,15.0,1000-9999,Fabric ,Baby Pink ,SHEIN privé
866,4.96,18.0,0.0,1000-9999,Fabric ,Multicolor ,SHEIN Mulvari
867,5.0,7.0,0.0,1000-9999,Fabric ,Coral Pink ,SHEIN ICON
868,4.94,19.55,15.0,1000-9999,Fabric ,Multicolor ,SHEIN VCAY
869,5.0,15.5,18.0,1000-9999,Woven Fabric ,White ,SHEIN MOD
870,5.0,25.0,0.0,0-99,Woven Fabric ,Pink ,Dazy
871,5.0,22.0,0.0,0-99,Woven Fabric ,Multicolor ,SHEIN LONESS
872,4.96,37.0,0.0,1000-9999,Fabric ,Baby Blue ,MUXXN
873,5.0,11.0,27.0,0-99,Woven Fabric ,White ,SHEIN VCAY
874,5.0,25.0,0.0,1000-9999,Fabric ,Multicolor ,SHEIN Mulvari
875,4.89,6.0,0.0,0-99,Knitted Fabric ,White ,SHEIN Slayr
876,4.94,39.1,15.0,100-499,Mesh Fabric ,Multicolor ,Missord
877,5.0,20.0,0.0,1000-9999,Woven Fabric ,Royal Blue ,SHEIN VCAY
878,4.94,9.0,0.0,100-499,Knitted Fabric ,Green ,SHEIN Slayr
879,5.0,13.0,0.0,0-99,Woven Fabric ,Blue and White ,SHEIN VCAY
880,5.0,16.0,0.0,0-99,Polyester ,Multicolor ,EMERY ROSE
881,4.94,26.0,0.0,1000-9999,Fabric ,Purple ,SHEIN Modely
882,5.0,34.0,15.0,0-99,Polyester ,Red ,APPERLOTH A
883,5.0,8.5,50.0,0-99,Mesh Fabric ,Black ,SHEIN privé
884,5.0,11.0,0.0,0-99,Knitted Fabric ,Black ,SHEIN Haute
885,5.0,10.0,0.0,0-99,Knitted Fabric ,Black ,SHEIN Slayr
886,5.0,10.0,0.0,0-99,Knitted Fabric ,Multicolor ,SHEIN WYWH
887,4.81,10.0,0.0,1000-9999,Fabric ,Navy Blue ,SHEIN LUNE
888,5.0,14.0,0.0,1000-9999,Fabric ,Green ,SHEIN LONESS
889,5.0,29.0,0.0,0-99,Woven Fabric ,Olive Green ,SHEIN VCAY
890,5.0,12.0,0.0,1000-9999,Fabric ,Dark Green ,SHEIN LONESS
891,4.85,10.0,0.0,1000-9999,Fabric ,Black ,EMERY ROSE
892,4.93,14.45,15.0,0-99,Knitted Fabric ,Black and White ,SHEIN Lady
893,4.9,20.0,0.0,100-499,Woven Fabric ,Navy Blue ,SHEIN Frenchy
894,5.0,29.0,0.0,0-99,Woven Fabric ,Black ,SHEIN Lady
895,4.96,30.0,0.0,1000-9999,Fabric ,Multicolor ,SHEIN BAE
896,5.0,16.0,0.0,0-99,Knitted Fabric ,Multicolor ,SHEIN Lady
897,5.0,32.0,0.0,0-99,Woven Fabric ,Black ,SHEIN Modely
898,5.0,24.0,0.0,0-99,Knitted Fabric ,Black ,SHEIN Frenchy
899,4.93,12.8,20.0,100-499,Knitted Fabric ,Orange ,SHEIN VCAY
900,5.0,16.0,0.0,0-99,Knitted Fabric ,Black ,SHEIN MOD
901,5.0,12.0,50.0,0-99,Polyester ,Multicolor ,SHEIN MOD
902,5.0,23.0,0.0,0-99,Woven Fabric ,Multicolor ,SHEIN VCAY
903,5.0,7.0,50.0,0-99,Knitted Fabric ,Red ,SHEIN Haute
904,4.88,25.5,15.0,1000-9999,Mesh Fabric ,Purple ,PARTHEA
905,5.0,10.0,0.0,0-99,Knitted Fabric ,Black ,SHEIN Lady
906,4.94,11.0,0.0,1000-9999,Knitted Fabric ,Army Green ,SHEIN privé
907,4.81,18.0,0.0,500-999,Fabric ,Brown ,SHEIN VCAY
908,5.0,20.0,0.0,0-99,Woven Fabric ,Multicolor ,SHEIN VCAY
909,4.89,10.5,25.0,100-499,Knitted Fabric ,Black ,SHEIN VCAY
910,4.89,14.4,20.0,100-499,Fabric ,White ,SHEIN Unity
911,5.0,24.0,0.0,0-99,Woven Fabric ,White ,SHEIN privé
912,4.86,14.0,0.0,500-999,Knitted Fabric ,Blue ,SHEIN ICON
913,5.0,19.0,0.0,0-99,Woven Fabric ,Multicolor ,Dazy
914,4.87,12.0,0.0,100-499,Rib knit ,Apricot ,SHEIN Frenchy
915,4.89,18.0,0.0,500-999,Woven Fabric ,Blue ,SHEIN MOD
916,5.0,21.0,0.0,0-99,Knitted Fabric ,Royal Blue ,SHEIN BAE
917,4.93,49.0,0.0,1000-9999,Fabric ,White ,BEAUKEY
918,4.86,34.99,0.0,0-99,Fabric ,Multicolor ,MOTF
919,4.91,20.0,0.0,1000-9999,Fabric ,Green ,SHEIN VCAY
920,4.94,6.5,50.0,500-999,Woven Fabric ,Red ,SHEIN VCAY
921,4.89,26.35,15.0,100-499,Fabric ,Navy Blue ,HOMEYEE
922,4.9,33.0,0.0,100-499,Lace ,Black ,SHEIN Haute
923,4.87,15.0,0.0,1000-9999,Fabric ,Coffee Brown ,SHEIN Essnce
924,5.0,19.0,0.0,0-99,Woven Fabric ,White ,Dazy
925,5.0,19.0,0.0,1000-9999,Fabric ,Red ,SHEIN LONESS
926,5.0,14.39,10.0,0-99,Woven Fabric ,Yellow ,MISSGUIDED
927,4.95,23.0,0.0,500-999,Woven Fabric ,White ,SHEIN Haute
928,4.86,17.0,0.0,100-499,Knitted Fabric ,Burgundy ,SHEIN LUNE
929,5.0,15.2,20.0,1000-9999,Fabric ,Green ,SHEIN VCAY
930,4.95,19.0,0.0,500-999,Knitted Fabric ,Blue and White ,SHEIN MOD
931,5.0,6.0,14.0,1000-9999,Woven Fabric ,Royal Blue ,SHEIN privé
932,4.98,15.3,15.0,100-499,Knitted Fabric ,Multicolor ,SHEIN BAE
933,5.0,23.2,20.0,1000-9999,Woven Fabric ,Dark Green ,SHEIN LUNE
934,5.0,15.2,20.0,1000-9999,Fabric ,Multicolor ,SHEIN VCAY
935,4.95,18.0,0.0,500-999,Fabric ,Black ,DYDAWN
936,5.0,22.0,0.0,1000-9999,Woven Fabric ,Baby Blue ,SHEIN MOD
937,4.95,14.0,0.0,1000-9999,Woven Fabric ,Blue ,EMERY ROSE
938,4.94,17.0,0.0,100-499,Knitted Fabric ,Black ,SHEIN PETITE
939,5.0,8.5,15.0,1000-9999,Fabric ,Baby Blue ,SHEIN BAE
940,5.0,13.0,0.0,1000-9999,Knitted Fabric ,Black ,SHEIN EZwear
941,5.0,30.0,0.0,0-99,Fabric ,Black ,YMyimei
942,4.92,15.0,0.0,0-99,Knitted Fabric ,White ,SHEIN Clasi
943,4.9,27.0,0.0,1000-9999,Fabric ,Apricot ,SHEIN privé
944,5.0,21.0,0.0,0-99,Knitted Fabric ,White ,SHEIN Aloruh
945,4.96,14.0,0.0,500-999,Knitted Fabric ,Multicolor ,SHEIN Essnce
946,4.97,13.2,40.0,100-499,Knitted Fabric ,Purple ,SHEIN BAE
947,4.95,21.0,0.0,1000-9999,Knitted Fabric ,Mint Green ,SHEIN BAE
948,4.91,10.0,0.0,500-999,Fabric ,Royal Blue ,SHEIN LUNE
949,5.0,8.0,0.0,0-99,Knitted Fabric ,Grey ,SHEIN PETITE
950,4.91,30.6,15.0,1000-9999,Fabric ,Baby Blue ,ADYCE
951,5.0,13.0,0.0,1000-9999,Knitted Fabric ,Multicolor ,SHEIN privé
952,5.0,23.0,0.0,1000-9999,Fabric ,Navy Blue ,SHEIN VCAY
953,5.0,30.0,0.0,0-99,Woven Fabric ,White ,SHEIN MOD
954,4.89,39.0,0.0,500-999,Fabric ,Baby Pink ,Barlahlsen
955,4.96,13.2,40.0,0-99,Woven Fabric ,Yellow ,SHEIN LONESS
956,4.92,20.0,0.0,100-499,Woven Fabric ,Multicolor ,SHEIN LUNE
957,4.97,16.0,0.0,1000-9999,Fabric ,Blue ,SHEIN Essnce
958,4.91,16.0,0.0,100-499,Fabric ,Multicolor ,SHEIN WYWH
959,5.0,37.0,0.0,0-99,Knitted Fabric ,Pink ,SHEIN Modely
960,4.92,61.0,0.0,500-999,Fabric ,Black ,BEAUKEY
961,4.96,12.0,0.0,500-999,Mesh Fabric ,Baby Blue ,SHEIN privé
962,4.98,6.0,50.0,1000-9999,Knitted Fabric ,Brown ,SHEIN ICON
963,4.94,17.0,0.0,500-999,Knitted Fabric ,Khaki ,SHEIN BAE
964,5.0,11.0,0.0,0-99,Knitted Fabric ,Multicolor ,SHEIN privé
965,4.93,24.0,0.0,100-499,Woven Fabric ,Yellow ,SHEIN VCAY
966,5.0,6.8,15.0,0-99,Woven Fabric ,Multicolor ,SHEIN Unity
967,4.61,23.0,0.0,0-99,Woven Fabric ,Black ,SHEIN BAE
968,5.0,17.0,50.0,0-99,Woven Fabric ,Pink ,SHEIN Mulvari
969,4.67,25.0,0.0,0-99,Woven Fabric ,Army Green ,SHEIN BAE
970,4.93,19.0,0.0,1000-9999,Woven Fabric ,Blue ,SHEIN VCAY
971,4.96,16.0,20.0,0-99,Fabric ,White ,SHEIN ICON
972,5.0,8.0,0.0,0-99,Knitted Fabric ,Multicolor ,SHEIN EZwear
973,5.0,17.0,0.0,0-99,Woven Fabric ,Multicolor ,SHEIN VCAY
974,4.91,13.6,20.0,100-499,Woven Fabric ,Multicolor ,SHEIN Frenchy
975,4.91,22.0,0.0,0-99,Woven Fabric ,Multicolor ,SHEIN Lady
976,5.0,20.0,0.0,0-99,Knitted Fabric ,Multicolor ,SHEIN MOD
977,4.85,29.7,10.0,0-99,Knitted Fabric ,Navy Blue ,HOMEYEE
978,4.89,25.0,0.0,0-99,Fabric ,Black ,Dazy
979,4.93,8.0,0.0,1000-9999,Fabric ,Grey ,SHEIN BAE
980,5.0,11.69,10.0,0-99,Knitted Fabric ,Black ,MISSGUIDED
981,5.0,24.0,0.0,0-99,Knitted Fabric ,Hot Pink ,SHEIN privé
982,5.0,21.0,0.0,0-99,Polyester ,Green ,Dazy
983,5.0,18.0,0.0,0-99,Polyester ,Burgundy ,SHEIN Slayr
984,4.92,16.0,0.0,1000-9999,Woven Fabric ,Multicolor ,SHEIN VCAY
985,5.0,13.0,0.0,0-99,Woven Fabric ,Multicolor ,SHEIN LUNE
986,5.0,10.0,0.0,0-99,Polyester ,Green ,SHEIN Frenchy
987,4.95,20.0,0.0,100-499,Woven Fabric ,Royal Blue ,SHEIN BAE
988,5.0,17.0,0.0,0-99,Fabric ,White ,SHEIN VCAY
989,4.89,22.1,15.0,1000-9999,Flannelette ,Black ,PARTHEA
991,5.0,30.0,0.0,0-99,Fabric ,Pink ,SHEIN BAE
992,5.0,15.75,28.0,0-99,Woven Fabric ,Multicolor ,SHEIN LONESS
993,5.0,31.0,0.0,0-99,Woven Fabric ,Multicolor ,SHEIN Modely
994,5.0,19.0,0.0,0-99,Knitted Fabric ,Black ,SHEIN PETITE
995,5.0,21.0,0.0,1000-9999,Fabric ,Mint Blue ,SHEIN VCAY
996,4.8,12.0,40.0,0-99,Woven Fabric ,Dusty Blue ,SHEIN MOD
997,5.0,18.0,0.0,0-99,Knitted Fabric ,Multicolor ,SHEIN Lady
998,4.92,20.4,15.0,0-99,Chiffon ,White ,PARTHEA
999,5.0,10.0,0.0,1000-9999,Mesh Fabric ,Redwood ,SHEIN BAE
1000,5.0,22.0,0.0,1000-9999,Sequins ,Black ,Joyfunear
1001,5.0,9.35,15.0,1000-9999,Knitted Fabric ,Red ,SHEIN EZwear
1002,4.96,10.0,17.0,1000-9999,Knitted Fabric ,Apricot ,SHEIN privé
1003,4.96,32.0,0.0,1000-9999,Fabric ,Multicolor ,SHEIN VCAY
1004,5.0,7.2,20.0,1000-9999,Fabric ,Olive Green ,SHEIN PETITE
1005,4.9,17.6,20.0,1000-9999,Fabric ,Blue and White ,SHEIN VCAY
1006,5.0,23.0,0.0,1000-9999,Fabric ,Black ,Dazy
1007,4.94,15.0,0.0,500-999,Knitted Fabric ,Yellow ,SHEIN VCAY
1008,5.0,20.0,0.0,1000-9999,Fabric ,Purple ,SHEIN Mulvari
1009,5.0,13.6,20.0,1000-9999,Fabric ,Red ,SHEIN Slayr
1010,4.91,16.0,0.0,1000-9999,Fabric ,Multicolor ,SHEIN VCAY
1011,4.93,25.0,0.0,1000-9999,PU Leather ,Black ,SHEIN privé
1012,4.94,15.0,0.0,1000-9999,Woven Fabric ,Mint Green ,SHEIN Frenchy
1013,5.0,8.0,20.0,1000-9999,Fabric ,Black ,SHEIN ICON
1014,4.95,13.6,15.0,500-999,Woven Fabric ,Multicolor ,SHEIN VCAY
1015,5.0,9.0,0.0,1000-9999,Fabric ,Royal Blue ,SHEIN Essnce
1016,5.0,7.2,20.0,1000-9999,Fabric ,Blue ,SHEIN Essnce
1017,5.0,10.4,20.0,1000-9999,Satin ,Champagne ,SHEIN PETITE
1018,5.0,23.0,0.0,1000-9999,Fabric ,Red ,SHEIN VCAY
1019,5.0,21.6,20.0,1000-9999,Fabric ,White ,SHEIN VCAY
1020,4.96,15.0,0.0,100-499,Woven Fabric ,Apricot ,SHEIN Essnce
1021,4.83,11.9,15.0,1000-9999,Fabric ,Green ,SHEIN VCAY
1022,4.8,10.0,0.0,0-99,Polyester ,Multicolor ,SHEIN LUNE
1023,4.94,19.55,15.0,500-999,Fabric ,Hot Pink ,PARTHEA
1024,4.89,20.0,0.0,100-499,Fabric ,White ,SHEIN privé
1025,5.0,22.0,0.0,0-99,Woven Fabric ,Multicolor ,SHEIN VCAY
1026,4.83,14.0,0.0,0-99,Polyester ,White ,SHEIN VCAY
1027,5.0,26.0,0.0,100-499,Knitted Fabric ,Apricot ,SHEIN Slayr
1028,4.91,19.0,0.0,100-499,Flannelette ,Dark Green ,SHEIN ICON
1029,4.86,24.65,15.0,500-999,Mesh Fabric ,Baby Pink ,PARTHEA
1030,5.0,27.0,0.0,0-99,Fabric ,Red ,SHEIN Modely
1031,4.88,19.0,0.0,0-99,Woven Fabric ,Pink ,SHEIN LUNE
1032,4.83,30.0,0.0,500-999,Fabric ,Green ,Dazy
1033,4.84,15.3,15.0,500-999,Mesh Fabric ,Red ,SHEIN BAE
1034,4.79,19.0,0.0,0-99,Woven Fabric ,White ,SHEIN Frenchy
1035,4.84,15.0,0.0,500-999,Knitted Fabric ,Yellow ,SHEIN Clasi
1036,4.84,22.0,0.0,0-99,Knitted Fabric ,White ,SHEIN LUNE
1037,5.0,21.0,0.0,0-99,Woven Fabric ,Multicolor ,SHEIN Frenchy
1038,4.88,34.85,15.0,0-99,Fabric ,Black ,Zoctuo
1039,5.0,39.0,0.0,0-99,Polyester ,Blue ,Simplee
1040,5.0,14.0,0.0,0-99,Polyester ,Blue ,EMERY ROSE
1041,5.0,25.0,0.0,0-99,Polyester ,Black and White ,Friful
1042,5.0,19.0,0.0,0-99,Chiffon ,White ,SHEIN Frenchy
1043,4.93,13.0,0.0,500-999,Knitted Fabric ,Grey ,SHEIN MOD
1044,5.0,20.0,0.0,0-99,Woven Fabric ,Multicolor ,SHEIN privé
1045,4.8,20.9,5.0,0-99,Mesh Fabric ,Black ,XLLAIS
1046,4.79,17.0,0.0,100-499,Fabric ,Multicolor ,SHEIN LUNE
1047,4.84,19.0,0.0,500-999,Fabric ,Yellow ,SHEIN VCAY
1048,4.83,25.0,0.0,500-999,Woven Fabric ,Green ,SHEIN VCAY
1049,4.89,21.0,0.0,0-99,Fabric ,Hot Pink ,SHEIN LONESS
1050,4.93,19.0,0.0,100-499,Fabric ,Black ,ROMWE
1051,5.0,26.0,0.0,1000-9999,Satin ,Coffee Brown ,PARTHEA
1052,4.96,17.0,0.0,100-499,Mesh Fabric ,Green ,SHEIN privé
1053,5.0,8.0,0.0,0-99,Knitted Fabric ,Multicolor ,SHEIN ICON
1054,4.96,12.0,0.0,1000-9999,Polyester ,Multicolor ,SHEIN Frenchy
1055,5.0,17.0,0.0,0-99,Woven Fabric ,White ,EMERY ROSE
1056,4.87,20.0,0.0,100-499,Woven Fabric ,White ,SHEIN VCAY
1057,4.89,17.0,0.0,100-499,Woven Fabric ,Pink ,SHEIN Modely
1058,5.0,23.0,0.0,0-99,Sequins ,Pink ,SHEIN ICON
1059,4.9,51.0,0.0,500-999,Fabric ,White ,BEAUKEY
1060,5.0,14.0,18.0,0-99,Fabric ,Green ,SHEIN Slayr
1061,5.0,18.0,0.0,1000-9999,Fabric ,Hot Pink ,SHEIN LUNE
1062,4.92,11.0,0.0,1000-9999,Woven Fabric ,Mint Green ,SHEIN LUNE
1063,5.0,11.0,0.0,0-99,Knitted Fabric ,Army Green ,SHEIN Frenchy
1064,4.89,14.0,0.0,100-499,Fabric ,Multicolor ,SHEIN LUNE
1065,5.0,14.45,15.0,1000-9999,Fabric ,Black ,SHEIN privé
1066,4.81,24.0,0.0,100-499,Satin ,Red ,SHEIN Modely
1067,5.0,19.0,0.0,0-99,Knitted Fabric ,Multicolor ,SHEIN Slayr
1068,4.95,24.0,0.0,500-999,Woven Fabric ,Green ,SHEIN VCAY
1069,4.94,25.0,0.0,100-499,Knitted Fabric ,Hot Pink ,SHEIN VCAY
1070,4.89,22.0,0.0,0-99,Woven Fabric ,Purple ,SHEIN Modely
1071,5.0,24.0,0.0,0-99,Woven Fabric ,Khaki ,SHEIN LONESS
1072,4.83,21.0,0.0,100-499,Woven Fabric ,Navy Blue ,SHEIN EastFlair
1073,5.0,26.0,0.0,0-99,Knitted Fabric ,Blue ,SHEIN Modely
1074,5.0,25.0,0.0,0-99,Woven Fabric ,Pink ,SHEIN Modely
1075,4.96,29.0,0.0,100-499,Sequins ,Black ,APPERLOTH A
1076,5.0,10.0,0.0,0-99,Fabric ,Navy Blue ,SHEIN LUNE
1077,4.2,13.75,28.0,0-99,Woven Fabric ,Multicolor ,SHEIN LONESS
1078,5.0,9.0,0.0,0-99,Knitted Fabric ,Purple ,SHEIN Essnce
1079,4.8,30.0,0.0,100-499,Sequins ,White ,YMyimei
1080,5.0,9.0,0.0,0-99,Knitted Fabric ,Multicolor ,SHEIN WYWH
1081,5.0,18.0,0.0,1000-9999,Woven Fabric ,Baby Blue ,SHEIN MOD
1082,4.92,20.0,0.0,1000-9999,Knitted Fabric ,Dusty Pink ,SHEIN BAE
1083,5.0,13.25,17.0,1000-9999,Mesh Fabric ,Black ,SHEIN ICON
1084,5.0,8.0,0.0,1000-9999,Knitted Fabric ,Dusty Pink ,SHEIN EZwear
1086,5.0,10.75,17.0,1000-9999,Fabric ,Multicolor ,SHEIN WYWH
1087,5.0,7.5,17.0,1000-9999,Fabric ,Mint Blue ,SHEIN Essnce
1088,5.0,7.5,17.0,1000-9999,Knitted Fabric ,Black and White ,SHEIN Tall
1089,4.96,16.5,18.0,1000-9999,Woven Fabric ,Blue and White ,SHEIN MOD
1090,5.0,14.0,0.0,1000-9999,Metallic ,Apricot ,SHEIN Belle
1091,4.98,23.0,0.0,1000-9999,Sequins ,Black ,Joyfunear
1092,4.92,14.0,0.0,1000-9999,Fabric ,Multicolor ,SHEIN PETITE
1093,5.0,16.8,20.0,1000-9999,Chiffon ,Black ,SHEIN Modely
1094,4.95,20.4,15.0,500-999,Knitted Fabric ,Black ,SHEIN Essnce
1095,4.88,7.2,20.0,1000-9999,Fabric ,Multicolor ,EMERY ROSE
1096,5.0,9.0,0.0,1000-9999,Fabric ,Baby Blue ,SHEIN Essnce
1097,4.89,19.55,15.0,500-999,Fabric ,Apricot ,SHEIN Clasi
1098,5.0,10.0,17.0,1000-9999,Fabric ,Black ,SHEIN PETITE
1099,4.96,25.0,0.0,1000-9999,Fabric ,Brown ,VIBECORE
1100,5.0,10.4,20.0,1000-9999,Fabric ,Multicolor ,SHEIN Frenchy
1101,5.0,10.0,0.0,1000-9999,Fabric ,Multicolor ,SHEIN Coolane
1102,4.95,20.0,0.0,1000-9999,Knitted Fabric ,Brown ,SHEIN MOD
1103,5.0,8.58,22.0,1000-9999,Fabric ,Black and White ,SHEIN LUNE
1104,4.92,21.0,0.0,1000-9999,Woven Fabric ,Red ,SHEIN MOD
1105,5.0,13.0,0.0,1000-9999,Fabric ,Redwood ,SHEIN BAE
1106,4.9,17.85,15.0,1000-9999,Woven Fabric ,Hot Pink ,SHEIN privé
1107,5.0,17.85,15.0,1000-9999,Fabric ,Black ,SHEIN VCAY
1108,4.96,11.2,20.0,1000-9999,Knitted Fabric ,Orange ,SHEIN EZwear
1109,5.0,13.6,20.0,1000-9999,Fabric ,Brown ,SHEIN privé
1110,5.0,10.0,0.0,1000-9999,Fabric ,Navy Blue ,SHEIN MOOSTA
1111,4.93,16.0,20.0,1000-9999,Fabric ,White ,SHEIN PETITE
1112,4.97,14.75,18.0,1000-9999,Knitted Fabric ,Green ,SHEIN BAE
1113,5.0,30.0,0.0,1000-9999,Woven Fabric ,Pink ,SHEIN MOD
1114,4.98,9.25,16.0,500-999,Knitted Fabric ,Brown ,SHEIN EZwear
1115,4.95,13.25,17.0,1000-9999,Woven Fabric ,Navy Blue ,SHEIN privé
1116,5.0,10.2,15.0,1000-9999,Fabric ,Apricot ,SHEIN LUNE
1117,4.95,17.0,0.0,1000-9999,Woven Fabric ,Multicolor ,SHEIN VCAY
1118,5.0,7.0,0.0,1000-9999,Fabric ,Black ,SHEIN VCAY
1119,5.0,9.0,0.0,1000-9999,Fabric ,Multicolor ,SHEIN WYWH
1120,5.0,13.0,0.0,1000-9999,Fabric ,Blue and White ,SHEIN Frenchy
1121,4.95,14.4,20.0,1000-9999,Woven Fabric ,Multicolor ,SHEIN VCAY
1122,4.96,15.3,10.0,1000-9999,Knitted Fabric ,Grey ,SHEIN LUNE
1123,5.0,13.0,0.0,1000-9999,Fabric ,Black ,SHEIN BAE
1124,5.0,4.8,20.0,1000-9999,Fabric ,Purple ,SHEIN VCAY
1125,5.0,12.5,17.0,1000-9999,Fabric ,Brown ,SHEIN VCAY
1126,4.94,22.0,0.0,100-499,Woven Fabric ,Blue ,SHEIN MOD
1127,5.0,10.0,0.0,1000-9999,Fabric ,Multicolor ,EMERY ROSE
1128,4.93,24.0,0.0,500-999,Fabric ,Red ,fuleiya
1129,4.94,15.2,20.0,1000-9999,Fabric ,Red ,SHEIN VCAY
1130,5.0,8.0,0.0,1000-9999,Fabric ,Yellow ,SHEIN BAE
1131,4.94,12.75,15.0,100-499,Woven Fabric ,Multicolor ,SHEIN VCAY
1132,5.0,28.0,0.0,1000-9999,Fabric ,Navy Blue ,Joyfunear
1133,5.0,23.0,0.0,1000-9999,Fabric ,Baby Blue ,SHEIN VCAY
1134,4.88,18.0,0.0,500-999,Knitted Fabric ,Multicolor ,SHEIN Clasi
1135,4.96,25.0,0.0,500-999,Knitted Fabric ,Black ,SHEIN MOD
1136,5.0,14.0,0.0,1000-9999,Fabric ,Mocha Brown ,SHEIN Mulvari
1137,5.0,7.5,17.0,1000-9999,Knitted Fabric ,Black ,SHEIN privé
1138,4.81,10.0,0.0,1000-9999,Fabric ,Black and White ,SHEIN LUNE
1139,4.94,32.0,0.0,1000-9999,Fabric ,Mint Green ,HOMEYEE
1140,4.93,51.0,0.0,100-499,Chiffon ,Black ,FAERIESTY
1141,4.93,13.8,40.0,100-499,Woven Fabric ,Rust Brown ,SHEIN MOD
1142,5.0,20.0,0.0,0-99,Woven Fabric ,Red ,SHEIN privé
1143,5.0,20.0,0.0,0-99,Knitted Fabric ,White ,SHEIN VCAY
1144,5.0,22.0,0.0,0-99,Woven Fabric ,Watermelon Pink ,SHEIN LONESS
1145,4.72,42.0,0.0,0-99,Fabric ,Multicolor ,DODC
1146,5.0,8.0,50.0,0-99,Knitted Fabric ,Army Green ,SHEIN LUNE
1147,5.0,25.0,0.0,0-99,Woven Fabric ,Burnt Orange ,SHEIN privé
1148,5.0,14.0,0.0,0-99,Polyester ,White ,EMERY ROSE
1149,5.0,21.0,0.0,1000-9999,Fabric ,Navy Blue ,SHEIN LUNE
1150,5.0,24.0,0.0,0-99,Polyester ,Blue ,DODC
1151,4.94,21.0,0.0,500-999,Fabric ,Multicolor ,SHEIN Lady
1152,5.0,21.0,0.0,0-99,Woven Fabric ,Pink ,SHEIN privé
1153,5.0,17.0,0.0,0-99,Knitted Fabric ,Multicolor ,EMERY ROSE
1154,5.0,11.5,28.0,0-99,Polyester ,Black ,SHEIN Clasi
1155,4.84,15.0,0.0,500-999,Knitted Fabric ,Hot Pink ,SHEIN privé
1156,5.0,7.5,50.0,0-99,Knitted Fabric ,Blue ,SHEIN LUNE
1157,5.0,19.0,0.0,0-99,Woven Fabric ,Black ,SHEIN EastFlair
1158,4.92,22.0,0.0,100-499,Knitted Fabric ,Black ,ROMWE
1159,4.87,8.0,0.0,100-499,Woven Fabric ,Black ,SHEIN LUNE
1160,4.93,14.0,0.0,500-999,Knitted Fabric ,Dark Green ,SHEIN MOD
1161,5.0,22.0,0.0,0-99,Knitted Fabric ,Black and White ,SHEIN Modely
1162,5.0,8.0,0.0,0-99,Polyester ,Black ,SHEIN ICON
1163,4.95,10.0,0.0,100-499,Woven Fabric ,White ,SHEIN privé
1164,4.94,25.0,0.0,500-999,Fabric ,Black ,PARTHEA
1165,4.93,10.0,0.0,500-999,Woven Fabric ,Multicolor ,SHEIN VCAY
1166,4.91,32.3,15.0,1000-9999,Fabric ,Blue ,ADYCE
1167,5.0,21.0,0.0,0-99,Woven Fabric ,Orange ,SHEIN VCAY
1168,5.0,17.0,0.0,0-99,Knitted Fabric ,Multicolor ,SHEIN BAE
1169,5.0,26.0,0.0,0-99,Woven Fabric ,Multicolor ,SHEIN Frenchy
1170,4.4,22.0,0.0,0-99,Woven Fabric ,Black and White ,SHEIN Maija
1171,5.0,16.0,0.0,1000-9999,Woven Fabric ,Teal Blue ,SHEIN BAE
1172,5.0,15.5,50.0,0-99,Sequins ,Pink ,SHEIN Haute
1173,5.0,5.0,50.0,1000-9999,Woven Fabric ,Multicolor ,SHEIN VCAY
1174,5.0,11.0,0.0,0-99,Fabric ,Black ,SHEIN LUNE
1175,4.96,28.0,0.0,1000-9999,Fabric ,Burnt Orange ,Joyfunear
1176,5.0,21.0,0.0,0-99,Knitted Fabric ,Yellow ,SHEIN Lady
1177,4.96,14.4,20.0,1000-9999,Fabric ,Apricot ,SHEIN privé
1178,5.0,13.0,0.0,0-99,Woven Fabric ,Black ,SHEIN VCAY
1179,4.96,28.0,0.0,100-499,Fabric ,Multicolor ,Barlahlsen
1180,5.0,20.0,0.0,0-99,Mesh Fabric ,Black ,Dazy
1181,5.0,14.4,40.0,0-99,Fabric ,Black ,SHEIN privé
1182,5.0,17.0,0.0,1000-9999,Mesh Fabric ,Teal Blue ,SHEIN ICON
1183,5.0,24.0,0.0,0-99,Fabric ,Green ,SHEIN Mulvari
1184,5.0,11.7,70.0,0-99,Woven Fabric ,Multicolor ,SHEIN X
1185,5.0,12.0,0.0,0-99,Knitted Fabric ,Black ,SHEIN ICON
1186,5.0,13.0,0.0,0-99,Knitted Fabric ,Multicolor ,SHEIN Tall
1187,4.88,25.5,15.0,1000-9999,Mesh Fabric ,Baby Blue ,PARTHEA
1188,5.0,35.0,0.0,0-99,Woven Fabric ,White ,SHEIN Mulvari
1189,4.94,20.0,0.0,0-99,Woven Fabric ,Green ,SHEIN Unity
1190,5.0,12.6,40.0,0-99,Fabric ,White ,SHEIN Frenchy
1191,5.0,12.25,28.0,0-99,Woven Fabric ,White ,SHEIN VCAY
1192,5.0,9.5,50.0,0-99,Woven Fabric ,White ,SHEIN Frenchy
1193,5.0,21.0,0.0,0-99,Woven Fabric ,White ,SHEIN VCAY
1194,5.0,22.0,0.0,0-99,Polyester ,White ,SHEIN Essnce
1195,4.92,15.0,0.0,500-999,Woven Fabric ,Rust Brown ,SHEIN LUNE
1196,5.0,21.0,0.0,0-99,Woven Fabric ,Blue and White ,SHEIN VCAY
1197,5.0,8.49,15.0,0-99,Knitted Fabric ,Black and White ,MISSGUIDED
1198,4.92,19.0,0.0,1000-9999,Fabric ,Green ,SHEIN VCAY
1199,5.0,27.2,15.0,0-99,Fabric ,White ,Eilly Bazar
1200,4.88,10.5,50.0,500-999,Woven Fabric ,Multicolor ,SHEIN VCAY
1201,5.0,17.0,0.0,0-99,Woven Fabric ,Red ,SHEIN EastFlair
1202,4.97,41.0,0.0,100-499,Fabric ,Royal Blue ,ADYCE
1203,4.89,26.0,0.0,500-999,Fabric ,Multicolor ,LUUKSE
1204,4.96,13.8,40.0,0-99,Fabric ,Multicolor ,SHEIN VCAY
1205,5.0,12.75,15.0,0-99,Knitted Fabric ,Black ,SHEIN Frenchy
1206,4.9,18.0,0.0,500-999,Fabric ,Black ,SHEIN VCAY
1207,4.98,10.0,17.0,1000-9999,Knitted Fabric ,Multicolor ,SHEIN ICON
1208,4.98,12.8,20.0,1000-9999,Knitted Fabric ,Black ,SHEIN EZwear
1209,5.0,21.0,0.0,1000-9999,Woven Fabric ,Blue ,SHEIN MOD
1210,4.96,20.0,0.0,1000-9999,Mesh Fabric ,Black ,SHEIN Aloruh
1211,4.95,23.0,0.0,1000-9999,Metallic ,Navy Blue ,SHEIN Modely
1212,4.94,12.0,20.0,1000-9999,Knitted Fabric ,Coffee Brown ,SHEIN EZwear
1213,4.95,16.0,0.0,100-499,Woven Fabric ,Red ,SHEIN Unity
1214,4.87,13.6,20.0,500-999,Knitted Fabric ,Grey ,SHEIN privé
